repeat_index,page_index,start_offset_bytes,update_count,first_touch_update,last_touch_update
0,0,0,1197639,0,4294967295
0,1,2097152,1083786,11,4294967237
0,2,4194304,1072150,12,4294965735
0,3,6291456,1068549,74,4294967238
0,4,8388608,1062795,13,4294965736
0,5,10485760,1063695,137,4294956429
0,6,12582912,1062749,199,4294967239
0,7,14680064,1061845,75,4294965798
0,8,16777216,1058832,14,4294965829
0,9,18874368,1054772,2122,4294965737
0,10,20971520,1055789,138,4294953982
0,11,23068672,1059572,2246,4294956430
0,12,25165824,1059155,2060,4294961397
0,13,27262976,1055107,200,4294967240
0,14,29360128,1055149,76,4294952417
0,15,31457280,1055604,2184,4294965799
0,16,33554432,1058581,15,4294948972
0,17,35651584,1057835,263,4294965830
0,18,37748736,1051627,2123,4294961460
0,19,39845888,1052532,2371,4294965738
0,20,41943040,1053056,387,4294953983
0,21,44040192,1055266,139,4294951926
0,22,46137344,1055280,2495,4294965862
0,23,48234496,1055568,2247,4294949801
0,24,50331648,1054506,2061,4294961398
0,25,52428800,1051363,2309,4294964085
0,26,54525952,1051987,201,4294965768
0,27,56623104,1051227,449,4294967241
0,28,58720256,1052845,77,4294949034
0,29,60817408,1051715,325,4294957834
0,30,62914560,1051065,2433,4294965800
0,31,65011712,1051002,2185,4294950467
0,32,67108864,1060471,16,4294954018
0,33,69206016,1049780,11562,4294962464
0,34,71303168,1058151,264,4294965831
0,35,73400320,1047008,35982,4294957773
0,36,75497472,1049466,2124,4294961461
0,37,77594624,1050650,19544,4294964979
0,38,79691776,1051050,2372,4294965739
0,39,81788928,1051805,15146,4294958429
0,40,83886080,1051440,388,4294962907
0,41,85983232,1049216,23264,4294953984
0,42,88080384,1051854,140,4294966653
0,43,90177536,1050695,11987,4294956278
0,44,92274688,1052256,11673,4294962197
0,45,94371840,1052960,2496,4294965863
0,46,96468992,1050753,7708,4294961537
0,47,98566144,1051215,2248,4294966086
0,48,100663296,1056594,2062,4294961399
0,49,102760448,1053042,7781,4294958689
0,50,104857600,1049022,19234,4294959751
0,51,106954752,1056695,2310,4294965510
0,52,109051904,1048674,12049,4294952641
0,53,111149056,1050481,202,4294965769
0,54,113246208,1051362,450,4294967242
0,55,115343360,1048470,23326,4294964463
0,56,117440512,1054022,78,4294952155
0,57,119537664,1047976,11624,4294957937
0,58,121634816,1048922,46766,4294957835
0,59,123731968,1051817,326,4294965893
0,60,125829120,1052818,2434,4294965801
0,61,127926272,1046461,11611,4294963596
0,62,130023424,1048338,11640,4294956511
0,63,132120576,1050156,2186,4294961523
0,64,134217728,1056380,17,4294953948
0,65,136314880,1054693,3545,4294954019
0,66,138412032,1046714,11563,4294962465
0,67,140509184,1047962,28248,4294966413
0,68,142606336,1050801,265,4294965832
0,69,144703488,1058422,6217,4294960573
0,70,146800640,1046719,35983,4294957774
0,71,148897792,1047417,12112,4294953460
0,72,150994944,1049169,2125,4294960723
0,73,153092096,1047581,10309,4294961462
0,74,155189248,1049477,11822,4294961866
0,75,157286400,1047653,19545,4294964980
0,76,159383552,1049607,2373,4294966643
0,77,161480704,1050155,10557,4294965740
0,78,163577856,1047119,15655,4294958430
0,79,165675008,1048536,15147,4294961291
0,80,167772160,1051471,6341,4294962908
0,81,169869312,1051070,389,4294957640
0,82,171966464,1046744,25991,4294960186
0,83,174063616,1047738,23265,4294962866
0,84,176160768,1053311,141,4294966654
0,85,178257920,1050931,6589,4294962210
0,86,180355072,1048846,11687,4294960525
0,87,182452224,1050165,11988,4294949098
0,88,184549376,1051383,4798,4294960957
0,89,186646528,1048363,11674,4294962198
0,90,188743680,1050081,9873,4294965864
0,91,190840832,1050307,2497,4294954755
0,92,192937984,1048868,27357,4294936022
0,93,195035136,1048694,7709,4294963339
0,94,197132288,1049060,2249,4294965522
0,95,199229440,1050472,10433,4294966087
0,96,201326592,1053550,2063,4294961774
0,97,203423744,1051782,10247,4294965926
0,98,205520896,1051122,19483,4294964178
0,99,207618048,1048272,7782,4294962260
0,100,209715200,1047624,7829,4294966207
0,101,211812352,1048503,27419,4294965100
0,102,213909504,1051308,2311,4294965511
0,103,216006656,1056488,6471,4294965085
0,104,218103808,1048060,4302,4294956420
0,105,220200960,1051112,12050,4294956593
0,106,222298112,1049728,6155,4294955599
0,107,224395264,1050616,203,4294965770
0,108,226492416,1047252,3507,4294964110
0,109,228589568,1050387,451,4294967243
0,110,230686720,1046475,23327,4294962408
0,111,232783872,1049247,22288,4294966860
0,112,234881024,1053036,79,4294964599
0,113,236978176,1053228,3607,4294952156
0,114,239075328,1046316,15704,4294960486
0,115,241172480,1048748,11625,4294964416
0,116,243269632,1049020,30155,4294957836
0,117,245366784,1047530,42297,4294957293
0,118,247463936,1053167,6279,4294954825
0,119,249561088,1055079,327,4294965894
0,120,251658240,1048617,10619,4294965802
0,121,253755392,1051370,2435,4294962776
0,122,255852544,1049916,11612,4294960835
0,123,257949696,1049147,19359,4294963597
0,124,260046848,1047015,11641,4294962605
0,125,262144000,1048881,43808,4294956512
0,126,264241152,1048530,2187,4294960785
0,127,266338304,1047618,10371,4294961524
0,128,268435456,1056370,18,4294953949
0,129,270532608,1051851,14650,4294958424
0,130,272629760,1049966,8202,4294960135
0,131,274726912,1050908,3546,4294954576
0,132,276824064,1047125,11564,4294962466
0,133,278921216,1046268,27601,4294962471
0,134,281018368,1047190,20289,4294964527
0,135,283115520,1048866,28249,4294966414
0,136,285212672,1049270,266,4294965482
0,137,287309824,1048405,11314,4294965833
0,138,289406976,1052853,8450,4294960574
0,139,291504128,1051770,6218,4294962895
0,140,293601280,1045622,23638,4294957775
0,141,295698432,1047182,15056,4294952053
0,142,297795584,1048228,15730,4294956060
0,143,299892736,1045486,12113,4294949408
0,144,301989888,1052981,2126,4294960724
0,145,304087040,1048674,4358,4294964342
0,146,306184192,1049186,10310,4294961463
0,147,308281344,1047216,12542,4294953936
0,148,310378496,1047719,7845,4294945406
0,149,312475648,1047886,42055,4294961949
0,150,314572800,1048212,39755,4294958753
0,151,316669952,1047572,19546,4294964981
0,152,318767104,1048094,3917,4294966644
0,153,320864256,1052760,2374,4294965574
0,154,322961408,1052828,7542,4294965741
0,155,325058560,1052144,7638,4294966016
0,156,327155712,1045796,15656,4294954635
0,157,329252864,1044496,22917,4294958431
0,158,331350016,1047412,14865,4294964790
0,159,333447168,1048857,31465,4294962008
0,160,335544320,1049070,8208,4294954888
0,161,337641472,1048254,6342,4294962909
0,162,339738624,1050784,390,4294957641
0,163,341835776,1048770,14526,4294965957
0,164,343932928,1045050,48457,4294961032
0,165,346030080,1047351,23965,4294960187
0,166,348127232,1048252,13130,4294960141
0,167,350224384,1043960,23266,4294962867
0,168,352321536,1050970,142,4294952073
0,169,354418688,1053029,9994,4294966655
0,170,356515840,1050678,8326,4294948216
0,171,358612992,1048217,3670,4294964649
0,172,360710144,1048885,48493,4294960526
0,173,362807296,1047993,11688,4294956280
0,174,364904448,1049453,11989,4294949099
0,175,367001600,1046509,15606,4294957849
0,176,369098752,1052020,4799,4294963912
0,177,371195904,1051929,16081,4294960958
0,178,373293056,1048543,3858,4294965933
0,179,375390208,1047604,11675,4294960751
0,180,377487360,1046927,10682,4294954789
0,181,379584512,1048267,9874,4294965865
0,182,381681664,1050569,2498,4294962396
0,183,383778816,1047028,4234,4294944059
0,184,385875968,1050529,6349,4294956575
0,185,387973120,1048750,18061,4294963026
0,186,390070272,1050421,31931,4294962166
0,187,392167424,1048140,3810,4294963340
0,188,394264576,1050503,4482,4294965523
0,189,396361728,1046049,2250,4294954097
0,190,398458880,1048252,12666,4294966088
0,191,400556032,1048698,10434,4294962421
0,192,402653184,1053249,2064,4294961775
0,193,404750336,1047540,4296,4294947102
0,194,406847488,1047702,11392,4294965927
0,195,408944640,1053008,10248,4294961401
0,196,411041792,1048145,19484,4294966396
0,197,413138944,1049870,26065,4294966928
0,198,415236096,1047065,7783,4294960813
0,199,417333248,1047387,11936,4294966904
0,200,419430400,1047496,7772,4294961601
0,201,421527552,1048279,7830,4294966208
0,202,423624704,1046454,31853,4294965877
0,203,425721856,1047822,26894,4294965101
0,204,427819008,1049615,2312,4294965512
0,205,429916160,1048127,4544,4294953877
0,206,432013312,1051594,6472,4294966150
0,207,434110464,1055553,7600,4294962483
0,208,436207616,1045023,4303,4294960713
0,209,438304768,1046575,5839,4294959364
0,210,440401920,1051735,12051,4294961627
0,211,442499072,1049006,15668,4294961243
0,212,444596224,1048685,6156,4294955600
0,213,446693376,1046977,8388,4294964269
0,214,448790528,1048482,204,4294966741
0,215,450887680,1048406,7620,4294966717
0,216,452984832,1047427,8636,4294951885
0,217,455081984,1048525,3508,4294965018
0,218,457179136,1047616,14588,4294967244
0,219,459276288,1049276,452,4294959118
0,220,461373440,1047242,39597,4294962409
0,221,463470592,1048358,23328,4294957092
0,222,465567744,1045680,7553,4294966861
0,223,467664896,1050737,22289,4294958266
0,224,469762048,1050630,80,4294962705
0,225,471859200,1050664,14712,4294964600
0,226,473956352,1050504,3608,4294954082
0,227,476053504,1050206,8264,4294966323
0,228,478150656,1043665,27303,4294966419
0,229,480247808,1048800,15705,4294957269
0,230,482344960,1045917,28006,4294964554
0,231,484442112,1048388,11626,4294964417
0,232,486539264,1047650,6845,4294952421
0,233,488636416,1045715,40747,4294957837
0,234,490733568,1046541,42298,4294962373
0,235,492830720,1045624,60275,4294960677
0,236,494927872,1054764,6280,4294958333
0,237,497025024,1051050,8512,4294954826
0,238,499122176,1052261,328,4294965544
0,239,501219328,1049189,14464,4294965895
0,240,503316480,1048809,10254,4294938875
0,241,505413632,1046807,7460,4294965803
0,242,507510784,1047421,4172,4294961161
0,243,509607936,1052474,2436,4294967061
0,244,511705088,1049460,11613,4294961963
0,245,513802240,1046719,27544,4294962615
0,246,515899392,1047423,15210,4294963598
0,247,517996544,1049622,31105,4294959698
0,248,520093696,1049118,28254,4294962606
0,249,522190848,1045067,11642,4294965043
0,250,524288000,1048084,42117,4294954342
0,251,526385152,1049181,50888,4294964922
0,252,528482304,1049467,2188,4294960786
0,253,530579456,1049111,4420,4294958543
0,254,532676608,1047969,12604,4294954360
0,255,534773760,1050450,10372,4294961525
0,256,536870912,1058625,19,4294965761
0,257,538968064,1051210,515,4294947473
0,258,541065216,1050988,15142,4294958425
0,259,543162368,1050849,6802,4294965506
0,260,545259520,1049405,8699,4294957149
0,261,547356672,1049637,8203,4294960136
0,262,549453824,1048756,2803,4294966856
0,263,551550976,1051678,1811,4294958835
0,264,553648128,1046680,23391,4294962467
0,265,555745280,1046724,11565,4294964786
0,266,557842432,1048126,13126,4294962472
0,267,559939584,1046878,18057,4294952608
0,268,562036736,1047407,11932,4294966924
0,269,564133888,1047706,19741,4294965014
0,270,566231040,1048070,19049,4294966415
0,271,568328192,1049388,22352,4294962791
0,272,570425344,1051669,271,4294965483
0,273,572522496,1061793,267,4294962661
0,274,574619648,1047933,11315,4294965834
0,275,576716800,1048343,14403,4294965556
0,276,578813952,1050890,397,4294957353
0,277,580911104,1054410,3421,4294963980
0,278,583008256,1052364,3751,4294962896
0,279,585105408,1052563,6715,4294964817
0,280,587202560,1046201,4366,4294965848
0,281,589299712,1045935,23639,4294954156
0,282,591396864,1049142,15057,4294952054
0,283,593494016,1045467,7057,4294950323
0,284,595591168,1047251,42237,4294953475
0,285,597688320,1047710,15731,4294960865
0,286,599785472,1049115,12114,4294956657
0,287,601882624,1046181,32093,4294950219
0,288,603979776,1052627,2127,4294961838
0,289,606076928,1050886,2623,4294960725
0,290,608174080,1047902,4359,4294954307
0,291,610271232,1048247,4855,4294964343
0,292,612368384,1050673,10807,4294957122
0,293,614465536,1050176,10311,4294961464
0,294,616562688,1047243,13039,4294966784
0,295,618659840,1047324,12543,4294948701
0,296,620756992,1049007,7846,4294957046
0,297,622854144,1046811,11115,4294965629
0,298,624951296,1047939,28993,4294961950
0,299,627048448,1045879,42056,4294964761
0,300,629145600,1045763,13249,4294965838
0,301,631242752,1047985,22026,4294956007
0,302,633339904,1049312,19547,4294964982
0,303,635437056,1047353,31737,4294964242
0,304,637534208,1047250,4111,4294966645
0,305,639631360,1050406,3918,4294963972
0,306,641728512,1054564,2871,4294965575
0,307,643825664,1049295,2375,4294964224
0,308,645922816,1052116,6535,4294965742
0,309,648019968,1062139,12295,4294965656
0,310,650117120,1054951,7639,4294966017
0,311,652214272,1050764,15292,4294964200
0,312,654311424,1046205,15388,4294965752
0,313,656408576,1046690,27483,4294965164
0,314,658505728,1046331,12364,4294961448
0,315,660602880,1048167,19766,4294959502
0,316,662700032,1046998,5484,4294966282
0,317,664797184,1047002,10123,4294964791
0,318,666894336,1048075,4492,4294966271
0,319,668991488,1047902,27186,4294961293
0,320,671088640,1050557,401,4294960950
0,321,673185792,1050829,9071,4294960829
0,322,675282944,1050293,6343,4294965383
0,323,677380096,1049205,6839,4294962477
0,324,679477248,1052015,391,4294950339
0,325,681574400,1058818,887,4294965607
0,326,683671552,1048911,14527,4294957657
0,327,685768704,1049632,8072,4294965958
0,328,687865856,1046951,35208,4294956584
0,329,689963008,1045274,11485,4294961033
0,330,692060160,1048165,18316,4294964515
0,331,694157312,1046759,25993,4294954418
0,332,696254464,1048822,20078,4294960142
0,333,698351616,1047477,11152,4294938405
0,334,700448768,1044990,23913,4294965613
0,335,702545920,1046793,16258,4294962868
0,336,704643072,1050893,143,4294962768
0,337,706740224,1052700,639,4294953444
0,338,708837376,1051155,9995,4294966106
0,339,710934528,1050574,10987,4294966656
0,340,713031680,1049150,8327,4294960579
0,341,715128832,1052213,8823,4294956790
0,342,717225984,1049150,15954,4294962212
0,343,719323136,1048611,3671,4294964650
0,344,721420288,1050195,40571,4294963984
0,345,723517440,1045494,7037,4294958961
0,346,725614592,1045256,23515,4294964480
0,347,727711744,1051786,1937,4294961008
0,348,729808896,1049833,11990,4294966934
0,349,731906048,1047623,20005,4294954254
0,350,734003200,1046678,2929,4294966292
0,351,736100352,1046991,15607,4294960550
0,352,738197504,1053145,6223,4294963913
0,353,740294656,1053194,4800,4294963905
0,354,742391808,1072346,16082,4294958806
0,355,744488960,1050927,16149,4294960959
0,356,746586112,1050957,3859,4294965934
0,357,748683264,1050727,52999,4294953216
0,358,750780416,1052231,11676,4294960752
0,359,752877568,1049530,16089,4294960899
0,360,754974720,1048461,10683,4294956502
0,361,757071872,1043491,21899,4294961823
0,362,759169024,1048655,3755,4294965866
0,363,761266176,1049741,12419,4294949112
0,364,763363328,1050872,2499,4294962840
0,365,765460480,1050541,5060,4294952348
0,366,767557632,1046422,4731,4294949876
0,367,769654784,1047561,4235,4294947213
0,368,771751936,1051084,6350,4294952535
0,369,773849088,1053875,6719,4294964778
0,370,775946240,1051359,27359,4294963027
0,371,778043392,1048482,18062,4294953720
0,372,780140544,1049079,28128,4294965908
0,373,782237696,1048924,14917,4294964993
0,374,784334848,1049106,3799,4294963341
0,375,786432000,1046743,11705,4294960271
0,376,788529152,1051455,4483,4294965725
0,377,790626304,1048281,4979,4294965390
0,378,792723456,1047997,2251,4294964960
0,379,794820608,1046307,2747,4294960920
0,380,796917760,1048530,12667,4294958226
0,381,799014912,1047653,13163,4294966089
0,382,801112064,1048072,10435,4294961588
0,383,803209216,1046931,10867,4294962422
0,384,805306368,1052090,2065,4294965857
0,385,807403520,1050686,2561,4294957780
0,386,809500672,1047223,4793,4294952699
0,387,811597824,1046079,4297,4294960780
0,388,813694976,1047481,12481,4294966011
0,389,815792128,1048461,9937,4294965928
0,390,817889280,1051717,10745,4294958526
0,391,819986432,1046553,10249,4294961402
0,392,822083584,1046577,19485,4294937834
0,393,824180736,1049225,4862,4294966397
0,394,826277888,1047018,7346,4294966929
0,395,828375040,1051444,16144,4294965135
0,396,830472192,1046520,11738,4294965852
0,397,832569344,1043890,7784,4294958348
0,398,834666496,1047256,43212,4294962565
0,399,836763648,1045657,11937,4294966905
0,400,838860800,1046576,7612,4294963403
0,401,840957952,1044912,11743,4294961815
0,402,843055104,1049159,23643,4294959754
0,403,845152256,1048592,7831,4294966209
0,404,847249408,1048623,28138,4294966598
0,405,849346560,1044241,39517,4294955841
0,406,851443712,1046184,26895,4294962249
0,407,853540864,1048293,27421,4294965102
0,408,855638016,1048167,2809,4294965513
0,409,857735168,1045406,2313,4294963085
0,410,859832320,1051205,4545,4294965586
0,411,861929472,1050517,5041,4294957663
0,412,864026624,1048994,6604,4294966151
0,413,866123776,1048978,6473,4294951999
0,414,868220928,1049570,7601,4294962581
0,415,870318080,1051805,10929,4294962484
0,416,872415232,1049283,4304,4294960714
0,417,874512384,1044284,7789,4294957597
0,418,876609536,1047262,5840,4294960589
0,419,878706688,1052748,44453,4294959365
0,420,880803840,1051134,13924,4294950157
0,421,882900992,1050196,12052,4294961628
0,422,884998144,1046554,12940,4294959611
0,423,887095296,1048992,15669,4294963462
0,424,889192448,1047306,6157,4294962274
0,425,891289600,1047254,6653,4294957504
0,426,893386752,1048196,8885,4294958379
0,427,895483904,1049911,8389,4294964270
0,428,897581056,1048243,205,4294952731
0,429,899678208,1047309,701,4294966742
0,430,901775360,1051666,11049,4294966718
0,431,903872512,1049166,7621,4294965686
0,432,905969664,1047060,8271,4294948487
0,433,908066816,1046977,9133,4294958218
0,434,910163968,1049445,22537,4294964533
0,435,912261120,1046924,3509,4294965019
0,436,914358272,1048719,14589,4294967245
0,437,916455424,1047148,42917,4294958363
0,438,918552576,1050913,949,4294957704
0,439,920649728,1048884,453,4294960655
0,440,922746880,1045726,70205,4294962410
0,441,924844032,1046495,39598,4294963838
0,442,926941184,1046172,23746,4294944161
0,443,929038336,1047458,23329,4294962930
0,444,931135488,1045047,7554,4294964466
0,445,933232640,1045369,89931,4294966862
0,446,935329792,1045833,27237,4294958267
0,447,937426944,1050800,5906,4294961897
0,448,939524096,1051015,81,4294962706
0,449,941621248,1049456,577,4294960519
0,450,943718400,1047660,14713,4294960000
0,451,945815552,1048957,15246,4294964601
0,452,947912704,1049768,3609,4294964811
0,453,950009856,1048365,17745,4294954083
0,454,952107008,1048094,8265,4294966324
0,455,954204160,1049509,8761,4294948031
0,456,956301312,1045643,13006,4294966420
0,457,958398464,1047975,27304,4294960488
0,458,960495616,1047427,43689,4294966477
0,459,962592768,1051728,12860,4294956830
0,460,964689920,1046063,28007,4294964555
0,461,966787072,1047506,31597,4294963922
0,462,968884224,1044008,23453,4294964418
0,463,970981376,1049716,11627,4294956380
0,464,973078528,1048009,28263,4294957978
0,465,975175680,1048841,6846,4294959923
0,466,977272832,1044242,22152,4294964905
0,467,979369984,1045640,15735,4294954116
0,468,981467136,1047392,14476,4294954206
0,469,983564288,1046174,42299,4294962374
0,470,985661440,1046925,12176,4294965964
0,471,987758592,1045562,60276,4294966046
0,472,989855744,1052039,6281,4294958334
0,473,991952896,1052249,6777,4294953091
0,474,994050048,1055361,9009,4294960637
0,475,996147200,1049080,7106,4294963528
0,476,998244352,1051274,825,4294965545
0,477,1000341504,1047975,329,4294954563
0,478,1002438656,1046391,14465,4294962181
0,479,1004535808,1047435,11377,4294965896
0,480,1006632960,1050220,10255,4294961859
0,481,1008730112,1045800,21837,4294954670
0,482,1010827264,1048028,7461,4294964213
0,483,1012924416,1044836,12853,4294965804
0,484,1015021568,1044982,4173,4294966731
0,485,1017118720,1047941,4669,4294961162
0,486,1019215872,1050803,2437,4294962778
0,487,1021313024,1052802,3926,4294967062
0,488,1023410176,1047268,11614,4294956883
0,489,1025507328,1045574,16027,4294961964
0,490,1027604480,1046713,15719,4294936353
0,491,1029701632,1044003,27545,4294962616
0,492,1031798784,1046106,15211,4294963599
0,493,1033895936,1045921,19361,4294957020
0,494,1035993088,1050283,19846,4294961694
0,495,1038090240,1047882,31106,4294961355
0,496,1040187392,1047179,39818,4294966635
0,497,1042284544,1047760,26447,4294956621
0,498,1044381696,1045043,11643,4294965044
0,499,1046478848,1044924,20133,4294962951
0,500,1048576000,1045719,39631,4294966001
0,501,1050673152,1050048,11942,4294966910
0,502,1052770304,1050320,50889,4294966035
0,503,1054867456,1047323,11886,4294964923
0,504,1056964608,1050548,2189,4294950717
0,505,1059061760,1047542,2685,4294966520
0,506,1061158912,1050337,4917,4294958544
0,507,1063256064,1048350,4421,4294966136
0,508,1065353216,1046937,13101,4294956873
0,509,1067450368,1045987,12605,4294961323
0,510,1069547520,1047839,10373,4294962745
0,511,1071644672,1051644,23144,4294957248
0,512,1073741824,1061331,20,4294965762
0,513,1075838976,1052142,7299,4294953951
0,514,1077936128,1053298,516,4294959182
0,515,1080033280,1047508,14151,4294943402
0,516,1082130432,1051077,15143,4294961842
0,517,1084227584,1048137,28368,4294960746
0,518,1086324736,1048348,6803,4294965507
0,519,1088421888,1047526,3395,4294957934
0,520,1090519040,1050440,8700,4294957150
0,521,1092616192,1045559,15652,4294964146
0,522,1094713344,1051026,8204,4294962207
0,523,1096810496,1046012,9870,4294940950
0,524,1098907648,1051131,2804,4294965923
0,525,1101004800,1046820,32319,4294966857
0,526,1103101952,1052261,1812,4294964596
0,527,1105199104,1047714,16046,4294958836
0,528,1107296256,1049960,19278,4294962468
0,529,1109393408,1048551,15053,4294962892
0,530,1111490560,1049193,2627,4294947459
0,531,1113587712,1050924,2887,4294964787
0,532,1115684864,1047015,2899,4294962473
0,533,1117782016,1049210,3619,4294958034
0,534,1119879168,1046962,10825,4294957078
0,535,1121976320,1046692,18058,4294961584
0,536,1124073472,1045611,11933,4294966925
0,537,1126170624,1045969,19790,4294955837
0,538,1128267776,1046978,7617,4294966738
0,539,1130364928,1048250,7089,4294965015
0,540,1132462080,1046550,27300,4294966416
0,541,1134559232,1047444,19050,4294962370
0,542,1136656384,1048455,22353,4294952555
0,543,1138753536,1052410,28251,4294962792
0,544,1140850688,1051908,272,4294966805
0,545,1142947840,1048577,18054,4294965011
0,546,1145044992,1064016,268,4294962662
0,547,1147142144,1047585,4363,4294960862
0,548,1149239296,1046612,11316,4294966781
0,549,1151336448,1045276,22023,4294965835
0,550,1153433600,1049141,7660,4294965557
0,551,1155530752,1043997,20861,4294961445
0,552,1157627904,1051032,398,4294964333
0,553,1159725056,1045690,23397,4294957354
0,554,1161822208,1052118,8948,4294960576
0,555,1163919360,1048761,3422,4294963981
0,556,1166016512,1052688,6220,4294962897
0,557,1168113664,1047636,3752,4294961820
0,558,1170210816,1050567,6716,4294962666
0,559,1172307968,1046915,19624,4294964818
0,560,1174405120,1047428,4367,4294960777
0,561,1176502272,1046847,4859,4294965849
0,562,1178599424,1043913,19809,4294956406
0,563,1180696576,1046466,32039,4294965583
0,564,1182793728,1049058,11748,4294959428
0,565,1184890880,1046830,15058,4294949946
0,566,1186988032,1046343,6895,4294964347
0,567,1189085184,1044646,5903,4294963835
0,568,1191182336,1047000,43516,4294954009
0,569,1193279488,1048082,42238,4294966474
0,570,1195376640,1049320,15732,4294964902
0,571,1197473792,1047088,46529,4294962125
0,572,1199570944,1048759,12115,4294957323
0,573,1201668096,1045021,31961,4294961691
0,574,1203765248,1046932,11883,4294966032
0,575,1205862400,1046528,26185,4294956325
0,576,1207959552,1053274,2128,4294961839
0,577,1210056704,1047765,32173,4294957129
0,578,1212153856,1051632,2624,4294958574
0,579,1214251008,1049246,23719,4294962367
0,580,1216348160,1048845,4360,4294958829
0,581,1218445312,1046112,14221,4294956784
0,582,1220542464,1046730,4856,4294964344
0,583,1222639616,1046941,27452,4294944652
0,584,1224736768,1049265,10811,4294962364
0,585,1226833920,1058717,10808,4294958589
0,586,1228931072,1046391,27397,4294958592
0,587,1231028224,1053467,10312,4294961465
0,588,1233125376,1047923,10957,4294966403
0,589,1235222528,1049982,11456,4294966785
0,590,1237319680,1044493,23696,4294955686
0,591,1239416832,1047924,12544,4294962685
0,592,1241513984,1046603,14734,4294957047
0,593,1243611136,1046302,7847,4294966512
0,594,1245708288,1044768,11116,4294958595
0,595,1247805440,1046181,11801,4294966161
0,596,1249902592,1045305,27768,4294953341
0,597,1251999744,1049196,27400,4294961951
0,598,1254096896,1045944,42057,4294962325
0,599,1256194048,1047018,12000,4294966980
0,600,1258291200,1049941,13250,4294965839
0,601,1260388352,1044530,90434,4294960371
0,602,1262485504,1048822,10315,4294966992
0,603,1264582656,1049725,23025,4294961468
0,604,1266679808,1049188,14907,4294964983
0,605,1268776960,1046540,14984,4294962056
0,606,1270874112,1047662,26821,4294964243
0,607,1272971264,1047524,11077,4294966460
0,608,1275068416,1046858,4112,4294966646
0,609,1277165568,1045237,23651,4294959808
0,610,1279262720,1053188,4608,4294963973
0,611,1281359872,1046134,3919,4294965994
0,612,1283457024,1054441,2872,4294965576
0,613,1285554176,1049112,7517,4294956636
0,614,1287651328,1046819,2376,4294964225
0,615,1289748480,1048221,12488,4294963148
0,616,1291845632,1050914,6536,4294965743
0,617,1293942784,1050003,12792,4294965192
0,618,1296039936,1049690,10003,4294965657
0,619,1298137088,1061878,12296,4294966788
0,620,1300234240,1050028,13619,4294963271
0,621,1302331392,1054153,7640,4294966018
0,622,1304428544,1046292,15293,4294958114
0,623,1306525696,1053381,21776,4294964201
0,624,1308622848,1048096,15658,4294958485
0,625,1310720000,1045467,15389,4294965753
0,626,1312817152,1047873,27484,4294965165
0,627,1314914304,1046496,26314,4294966608
0,628,1317011456,1045698,12365,4294961449
0,629,1319108608,1046617,13357,4294960494
0,630,1321205760,1045576,19767,4294936173
0,631,1323302912,1045877,23814,4294965941
0,632,1325400064,1050322,7469,4294966283
0,633,1327497216,1048696,5485,4294963955
0,634,1329594368,1044564,10124,4294964792
0,635,1331691520,1050296,15150,4294965975
0,636,1333788672,1046094,4493,4294966272
0,637,1335885824,1048664,7894,4294966114
0,638,1337982976,1046774,27187,4294959817
0,639,1340080128,1049179,31467,4294961294
0,640,1342177280,1055013,402,4294954890
0,641,1344274432,1046562,14737,4294965888
0,642,1346371584,1048692,9072,4294964521
0,643,1348468736,1049190,9746,4294960830
0,644,1350565888,1046578,7425,4294964337
0,645,1352663040,1049897,6344,4294965384
0,646,1354760192,1046289,23734,4294962478
0,647,1356857344,1053984,6840,4294957166
0,648,1358954496,1050795,392,4294956150
0,649,1361051648,1048039,3378,4294965363
0,650,1363148800,1058787,888,4294965608
0,651,1365245952,1048307,23431,4294956961
0,652,1367343104,1048061,7850,4294962576
0,653,1369440256,1047740,14528,4294962925
0,654,1371537408,1047296,20103,4294965959
0,655,1373634560,1048313,8073,4294966515
0,656,1375731712,1047486,43548,4294965918
0,657,1377828864,1047751,28494,4294962442
0,658,1379926016,1045216,56540,4294966507
0,659,1382023168,1042806,11486,4294966603
0,660,1384120320,1045447,36217,4294965883
0,661,1386217472,1046754,18317,4294949559
0,662,1388314624,1046838,15269,4294953776
0,663,1390411776,1046260,11119,4294954419
0,664,1392508928,1050115,20055,4294960564
0,665,1394606080,1048177,39537,4294954524
0,666,1396703232,1050541,6909,4294966164
0,667,1398800384,1044654,11153,4294938406
0,668,1400897536,1047105,23914,4294960597
0,669,1402994688,1046189,28550,4294965614
0,670,1405091840,1043680,11804,4294965633
0,671,1407188992,1049961,6929,4294957901
0,672,1409286144,1052546,144,4294962769
0,673,1411383296,1045486,31649,4294958021
0,674,1413480448,1052748,640,4294953445
0,675,1415577600,1047808,11438,4294962242
0,676,1417674752,1045911,9996,4294966107
0,677,1419771904,1051544,12984,4294957235
0,678,1421869056,1048197,10988,4294958039
0,679,1423966208,1050375,14776,4294966657
0,680,1426063360,1051380,8328,4294966387
0,681,1428160512,1045731,29352,4294964935
0,682,1430257664,1050232,8824,4294956791
0,683,1432354816,1047603,28411,4294957276
0,684,1434451968,1043930,15778,4294962213
0,685,1436549120,1048089,15955,4294950424
0,686,1438646272,1046763,19500,4294962631
0,687,1440743424,1049522,3672,4294964651
0,688,1442840576,1046496,40572,4294961973
0,689,1444937728,1049729,6794,4294963985
0,690,1447034880,1050138,6786,4294965052
0,691,1449132032,1046111,28070,4294964618
0,692,1451229184,1045061,23516,4294962882
0,693,1453326336,1043053,30532,4294964481
0,694,1455423488,1054036,1938,4294961009
0,695,1457520640,1049636,15519,4294956643
0,696,1459617792,1049864,12039,4294956893
0,697,1461714944,1049344,11991,4294966983
0,698,1463812096,1047202,43752,4294961169
0,699,1465909248,1046357,20006,4294960115
0,700,1468006400,1047327,2930,4294966197
0,701,1470103552,1047332,36482,4294966483
0,702,1472200704,1043293,15608,4294964301
0,703,1474297856,1047250,23241,4294964765
0,704,1476395008,1053462,6224,4294962901
0,705,1478492160,1050269,31846,4294963914
0,706,1480589312,1055798,4801,4294963906
0,707,1482686464,1049256,4809,4294958260
0,708,1484783616,1051123,45987,4294965842
0,709,1486880768,1072089,16083,4294958867
0,710,1488977920,1050132,16150,4294960960
0,711,1491075072,1049645,27716,4294966130
0,712,1493172224,1046665,3860,4294962201
0,713,1495269376,1049864,27608,4294965935
0,714,1497366528,1046999,53000,4294953217
0,715,1499463680,1051010,24463,4294953781
0,716,1501560832,1052575,11677,4294960981
0,717,1503657984,1045557,23053,4294965201
0,718,1505755136,1049528,12874,4294958287
0,719,1507852288,1047116,38794,4294962027
0,720,1509949440,1048999,10318,4294964541
0,721,1512046592,1048317,23592,4294955519
0,722,1514143744,1047073,21900,4294966995
0,723,1516240896,1043807,22030,4294961824
0,724,1518338048,1048208,3756,4294965867
0,725,1520435200,1045986,9876,4294958184
0,726,1522532352,1045583,19640,4294953505
0,727,1524629504,1049474,7524,4294949113
0,728,1526726656,1047855,47424,4294964913
0,729,1528823808,1051516,2500,4294962341
0,730,1530920960,1047676,15684,4294958503
0,731,1533018112,1053855,5061,4294967125
0,732,1535115264,1049511,4732,4294956167
0,733,1537212416,1045183,31834,4294961225
0,734,1539309568,1047286,4236,4294941287
0,735,1541406720,1047327,35269,4294956836
0,736,1543503872,1052817,6351,4294962859
0,737,1545601024,1047055,6863,4294950133
0,738,1547698176,1055345,6720,4294964986
0,739,1549795328,1045881,15712,4294957955
0,740,1551892480,1053823,27749,4294963028
0,741,1553989632,1061948,27360,4294962918
0,742,1556086784,1049630,18063,4294952953
0,743,1558183936,1048425,36203,4294953721
0,744,1560281088,1046361,28129,4294943837
0,745,1562378240,1049600,27426,4294965909
0,746,1564475392,1046926,14918,4294964994
0,747,1566572544,1050476,60120,4294961555
0,748,1568669696,1049430,3800,4294963342
0,749,1570766848,1047774,7712,4294965031
0,750,1572864000,1047984,15885,4294965107
0,751,1574961152,1046316,11706,4294962059
0,752,1577058304,1047662,31457,4294965726
0,753,1579155456,1054854,4484,4294965717
0,754,1581252608,1050751,4676,4294964033
0,755,1583349760,1049585,4980,4294965391
0,756,1585446912,1046844,2252,4294959563
0,757,1587544064,1048728,22719,4294964961
0,758,1589641216,1049454,2748,4294958698
0,759,1591738368,1044393,24338,4294960921
0,760,1593835520,1050739,12668,4294962759
0,761,1595932672,1048145,27890,4294961436
0,762,1598029824,1047574,13164,4294966090
0,763,1600126976,1049280,13838,4294956802
0,764,1602224128,1050840,27078,4294967051
0,765,1604321280,1051343,4936,4294967039
0,766,1606418432,1045334,40004,4294966463
0,767,1608515584,1050619,10868,4294962423
0,768,1610612736,1055065,2066,4294961777
0,769,1612709888,1048758,20483,4294965858
0,770,1614807040,1046065,7024,4294966649
0,771,1616904192,1053543,2562,4294961519
0,772,1619001344,1044877,11818,4294966409
0,773,1621098496,1048283,4794,4294965518
0,774,1623195648,1045314,4298,4294941349
0,775,1625292800,1045694,14159,4294960781
0,776,1627389952,1047147,18958,4294958420
0,777,1629487104,1052105,12482,4294966012
0,778,1631584256,1048709,9938,4294964645
0,779,1633681408,1047234,19206,4294965929
0,780,1635778560,1052522,10746,4294958527
0,781,1637875712,1047837,23654,4294958764
0,782,1639972864,1044325,27335,4294936394
0,783,1642070016,1049791,10250,4294961403
0,784,1644167168,1050957,15647,4294957890
0,785,1646264320,1046486,24005,4294963976
0,786,1648361472,1048679,4871,4294966398
0,787,1650458624,1052070,4611,4294965652
0,788,1652555776,1049107,7347,4294965603
0,789,1654652928,1046783,10963,4294966930
0,790,1656750080,1055205,16145,4294958802
0,791,1658847232,1047498,12809,4294965136
0,792,1660944384,1044034,43483,4294965853
0,793,1663041536,1049343,11739,4294961570
0,794,1665138688,1045094,7785,4294965298
0,795,1667235840,1044957,15173,4294941240
0,796,1669332992,1045144,43213,4294962566
0,797,1671430144,1046995,54856,4294962177
0,798,1673527296,1045436,3922,4294962263
0,799,1675624448,1046919,11938,4294966906
0,800,1677721600,1048389,2383,4294961603
0,801,1679818752,1049855,2875,4294963404
0,802,1681915904,1046543,19734,4294961816
0,803,1684013056,1045283,11744,4294965579
0,804,1686110208,1050856,23644,4294961617
0,805,1688207360,1047124,38088,4294959755
0,806,1690304512,1048479,13615,4294966210
0,807,1692401664,1049780,7832,4294962230
0,808,1694498816,1047665,6413,4294952298
0,809,1696595968,1047625,19897,4294966599
0,810,1698693120,1044904,32439,4294955842
0,811,1700790272,1048377,15515,4294956639
0,812,1702887424,1044969,18125,4294962250
0,813,1704984576,1046656,6032,4294948937
0,814,1707081728,1048294,27422,4294965103
0,815,1709178880,1047957,27811,4294964626
0,816,1711276032,1049537,2318,4294965514
0,817,1713373184,1045789,24096,4294964561
0,818,1715470336,1047317,2379,4294963086
0,819,1717567488,1048276,2314,4294964496
0,820,1719664640,1046993,19995,4294959553
0,821,1721761792,1052049,4546,4294965587
0,822,1723858944,1046752,5042,4294965453
0,823,1725956096,1049918,32043,4294959629
0,824,1728053248,1046657,6605,4294960820
0,825,1730150400,1051306,12491,4294966152
0,826,1732247552,1048050,12730,4294950596
0,827,1734344704,1045827,6474,4294962720
0,828,1736441856,1050781,2444,4294962582
0,829,1738539008,1046805,19795,4294960395
0,830,1740636160,1046667,15467,4294958052
0,831,1742733312,1054167,10930,4294962485
0,832,1744830464,1051896,4305,4294965792
0,833,1746927616,1047346,5297,4294965537
0,834,1749024768,1044975,6539,4294957598
0,835,1751121920,1044086,7547,4294956344
0,836,1753219072,1046586,5841,4294966265
0,837,1755316224,1049040,6833,4294960590
0,838,1757413376,1053667,28228,4294963397
0,839,1759510528,1047664,28017,4294958314
0,840,1761607680,1048484,11877,4294964327
0,841,1763704832,1048462,13925,4294966071
0,842,1765801984,1046567,20049,4294961629
0,843,1767899136,1050227,12053,4294965195
0,844,1769996288,1049609,12795,4294959612
0,845,1772093440,1046020,20043,4294964746
0,846,1774190592,1045475,14411,4294961245
0,847,1776287744,1049430,31523,4294963463
0,848,1778384896,1053027,6158,4294958681
0,849,1780482048,1046767,14957,4294963520
0,850,1782579200,1047454,12748,4294965660
0,851,1784676352,1050082,3734,4294964713
0,852,1786773504,1045591,13965,4294954189
0,853,1788870656,1049042,8886,4294958380
0,854,1790967808,1051182,8390,4294965318
0,855,1793064960,1047311,16193,4294964450
0,856,1795162112,1052330,206,4294964752
0,857,1797259264,1044448,20673,4294965783
0,858,1799356416,1048439,13061,4294964949
0,859,1801453568,1051085,702,4294966791
0,860,1803550720,1050433,11050,4294965773
0,861,1805647872,1052744,20918,4294966719
0,862,1807745024,1062128,4550,4294965591
0,863,1809842176,1049983,10058,4294966217
0,864,1811939328,1046924,8272,4294955936
0,865,1814036480,1045315,13622,4294961801
0,866,1816133632,1050153,9808,4294965457
0,867,1818230784,1046586,9134,4294960460
0,868,1820327936,1046615,47294,4294962540
0,869,1822425088,1050068,6922,4294964534
0,870,1824522240,1048824,3510,4294965020
0,871,1826619392,1044112,27170,4294956528
0,872,1828716544,1051615,2509,4294967246
0,873,1830813696,1047268,3517,4294957720
0,874,1832910848,1046921,7643,4294966021
0,875,1835008000,1049075,32226,4294961916
0,876,1837105152,1049146,6899,4294961716
0,877,1839202304,1053708,950,4294957705
0,878,1841299456,1052886,454,4294965414
0,879,1843396608,1045936,11574,4294945745
0,880,1845493760,1044305,32121,4294962411
0,881,1847590912,1048220,12932,4294950357
0,882,1849688064,1047096,19145,4294964099
0,883,1851785216,1048376,4742,4294963847
0,884,1853882368,1044836,23747,4294940161
0,885,1855979520,1046829,27048,4294948373
0,886,1858076672,1046128,15296,4294962931
0,887,1860173824,1046782,23330,4294957963
0,888,1862270976,1047729,4750,4294964204
0,889,1864368128,1047750,26867,4294964467
0,890,1866465280,1050130,13548,4294965812
0,891,1868562432,1045500,39494,4294966863
0,892,1870659584,1045735,56090,4294958268
0,893,1872756736,1044088,27238,4294961743
0,894,1874853888,1047674,5907,4294962550
0,895,1876951040,1052754,10995,4294950187
0,896,1879048192,1054882,82,4294962707
0,897,1881145344,1046950,15661,4294954013
0,898,1883242496,1047754,14896,4294960520
0,899,1885339648,1049544,578,4294947536
0,900,1887436800,1048801,7585,4294954872
0,901,1889533952,1048187,14783,4294960001
0,902,1891631104,1046559,15247,4294964602
0,903,1893728256,1049417,31623,4294958488
0,904,1895825408,1044216,18190,4294965756
0,905,1897922560,1052892,3610,4294958321
0,906,1900019712,1048577,17746,4294960824
0,907,1902116864,1046989,16096,4294954640
0,908,1904214016,1044185,23114,4294961810
0,909,1906311168,1048664,8266,4294966325
0,910,1908408320,1048781,8762,4294932348
0,911,1910505472,1047029,20109,4294956868
0,912,1912602624,1047964,12495,4294965092
0,913,1914699776,1046754,20353,4294966421
0,914,1916796928,1048249,30664,4294966156
0,915,1918894080,1047629,13230,4294960489
0,916,1920991232,1048559,44611,4294962571
0,917,1923088384,1046647,43690,4294966478
0,918,1925185536,1048723,13853,4294956831
0,919,1927282688,1051343,12861,4294965712
0,920,1929379840,1045163,26317,4294950457
0,921,1931476992,1044497,28008,4294964556
0,922,1933574144,1048490,36610,4294964691
0,923,1935671296,1045994,31598,4294964094
0,924,1937768448,1045896,27617,4294964419
0,925,1939865600,1045107,23454,4294966611
0,926,1941962752,1049874,11628,4294960619
0,927,1944059904,1048572,35677,4294960356
0,928,1946157056,1051560,12368,4294961452
0,929,1948254208,1045773,27881,4294964429
0,930,1950351360,1046372,6855,4294951679
0,931,1952448512,1048705,6847,4294959924
0,932,1954545664,1045532,24226,4294960870
0,933,1956642816,1044604,22153,4294964906
0,934,1958739968,1045991,15736,4294954117
0,935,1960837120,1044451,23702,4294937950
0,936,1962934272,1047308,14477,4294958436
0,937,1965031424,1045909,15794,4294947239
0,938,1967128576,1045649,47514,4294946342
0,939,1969225728,1046255,42300,4294962375
0,940,1971322880,1045276,48830,4294965965
0,941,1973420032,1048167,12177,4294962825
0,942,1975517184,1044921,60277,4294960170
0,943,1977614336,1046311,13360,4294966047
0,944,1979711488,1048241,6478,4294951655
0,945,1981808640,1051272,6282,4294964369
0,946,1983905792,1050241,6778,4294953092
0,947,1986002944,1046922,7486,4294952663
0,948,1988100096,1048709,26548,4294956311
0,949,1990197248,1049499,9010,4294960638
0,950,1992294400,1050240,7107,4294962129
0,951,1994391552,1046767,19055,4294963529
0,952,1996488704,1051422,826,4294965546
0,953,1998585856,1048713,22411,4294964893
0,954,2000683008,1045992,31920,4294959506
0,955,2002780160,1047132,330,4294962724
0,956,2004877312,1048531,14466,4294965619
0,957,2006974464,1042859,36554,4294965944
0,958,2009071616,1047154,28555,4294965897
0,959,2011168768,1047338,11378,4294966664
0,960,2013265920,1051975,2448,4294967185
0,961,2015363072,1047814,14212,4294961860
0,962,2017460224,1044341,3456,4294956251
0,963,2019557376,1048698,21838,4294950588
0,964,2021654528,1050321,5494,4294964214
0,965,2023751680,1048759,11146,4294966286
0,966,2025848832,1045363,7606,4294965805
0,967,2027945984,1047819,12854,4294962739
0,968,2030043136,1046452,4174,4294966732
0,969,2032140288,1044304,15897,4294963469
0,970,2034237440,1046366,3981,4294962586
0,971,2036334592,1051579,4670,4294948982
0,972,2038431744,1050060,2438,4294963958
0,973,2040528896,1049276,2960,4294962779
0,974,2042626048,1050837,15622,4294949992
0,975,2044723200,1059434,2940,4294967111
0,976,2046820352,1049211,11615,4294962942
0,977,2048917504,1045760,11809,4294962033
0,978,2051014656,1043247,38732,4294967117
0,979,2053111808,1044929,16028,4294965644
0,980,2055208960,1047659,15720,4294962691
0,981,2057306112,1044445,43577,4294954699
0,982,2059403264,1045179,10127,4294949375
0,983,2061500416,1045899,27546,4294964795
0,984,2063597568,1049120,3742,4294963600
0,985,2065694720,1044408,43620,4294964854
0,986,2067791872,1045910,14929,4294956352
0,987,2069889024,1047715,19362,4294957021
0,988,2071986176,1053929,19799,4294962072
0,989,2074083328,1047858,28024,4294958453
0,990,2076180480,1047216,31107,4294960468
0,991,2078277632,1045229,31529,4294965978
0,992,2080374784,1047993,4496,4294966636
0,993,2082471936,1044258,39819,4294962608
0,994,2084569088,1051194,20868,4294966275
0,995,2086666240,1044279,28256,4294960243
0,996,2088763392,1045407,11644,4294949818
0,997,2090860544,1050650,19610,4294965356
0,998,2092957696,1044595,20134,4294957906
0,999,2095054848,1048442,15471,4294962952
0,1000,2097152000,1048203,23309,4294966002
0,1001,2099249152,1047110,24317,4294958056
0,1002,2101346304,1050677,19084,4294964866
0,1003,2103443456,1047204,11943,4294966911
0,1004,2105540608,1047467,23273,4294966036
0,1005,2107637760,1049796,7897,4294964393
0,1006,2109734912,1047246,11863,4294966117
0,1007,2111832064,1045441,43607,4294966529
0,1008,2113929216,1053954,2190,4294947794
0,1009,2116026368,1048436,13487,4294959820
0,1010,2118123520,1045956,15045,4294960788
0,1011,2120220672,1050196,2686,4294966521
0,1012,2122317824,1050081,4918,4294964406
0,1013,2124414976,1047189,27514,4294958545
0,1014,2126512128,1045882,14283,4294966137
0,1015,2128609280,1050575,4422,4294965121
0,1016,2130706432,1047414,13102,4294960361
0,1017,2132803584,1047632,19330,4294961682
0,1018,2134900736,1045481,27828,4294958207
0,1019,2136997888,1047862,12606,4294961324
0,1020,2139095040,1050714,10374,4294961527
0,1021,2141192192,1046261,23757,4294962746
0,1022,2143289344,1048388,11516,4294956905
0,1023,2145386496,1056032,10934,4294958714
0,1024,2147483648,1069669,21,4294967253
0,1025,2149580800,1054977,1685,4294965796
0,1026,2151677952,1052696,2772,4294961457
0,1027,2153775104,1049302,6962,4294953952
0,1028,2155872256,1053452,517,4294960719
0,1029,2157969408,1051442,3253,4294962194
0,1030,2160066560,1048081,11756,4294953349
0,1031,2162163712,1048813,11621,4294945808
0,1032,2164260864,1050645,28269,4294961843
0,1033,2166358016,1048237,15144,4294961075
0,1034,2168455168,1048947,20365,4294952069
0,1035,2170552320,1049477,39547,4294960954
0,1036,2172649472,1052975,6804,4294965508
0,1037,2174746624,1046668,14653,4294965489
0,1038,2176843776,1050390,3396,4294965891
0,1039,2178940928,1047288,20128,4294963594
0,1040,2181038080,1048532,8335,4294964524
0,1041,2183135232,1051649,9327,4294945510
0,1042,2185232384,1047140,24038,4294959953
0,1043,2187329536,1045146,15653,4294964147
0,1044,2189426688,1049544,8205,4294960703
0,1045,2191523840,1050416,8967,4294962208
0,1046,2193620992,1045223,9871,4294958282
0,1047,2195718144,1047181,10863,4294943146
0,1048,2197815296,1049764,3549,4294965924
0,1049,2199912448,1049183,2805,4294965098
0,1050,2202009600,1048766,30461,4294956591
0,1051,2204106752,1047323,15585,4294966858
0,1052,2206203904,1048769,3629,4294964597
0,1053,2208301056,1052219,1813,4294965541
0,1054,2210398208,1051743,16023,4294962774
0,1055,2212495360,1047319,13731,4294958837
0,1056,2214592512,1050231,6543,4294951837
0,1057,2216689664,1049418,20287,4294964547
0,1058,2218786816,1046241,19620,4294962893
0,1059,2220883968,1046690,15054,4294949221
0,1060,2222981120,1051618,2628,4294964340
0,1061,2225078272,1046055,11797,4294940899
0,1062,2227175424,1054523,2888,4294948775
0,1063,2229272576,1045288,19243,4294964788
0,1064,2231369728,1045377,2900,4294962474
0,1065,2233466880,1045513,13128,4294961030
0,1066,2235564032,1048994,3620,4294958035
0,1067,2237661184,1047636,44345,4294957847
0,1068,2239758336,1048588,27604,4294963902
0,1069,2241855488,1047215,10826,4294962394
0,1070,2243952640,1048335,6347,4294963024
0,1071,2246049792,1047153,18888,4294965387
0,1072,2248146944,1046307,23582,4294961133
0,1073,2250244096,1046257,11934,4294966926
0,1074,2252341248,1045419,7770,4294965875
0,1075,2254438400,1046573,19791,4294966148
0,1076,2256535552,1045843,19743,4294961625
0,1077,2258632704,1045385,7618,4294966739
0,1078,2260729856,1048122,7090,4294965016
0,1079,2262827008,1046454,7551,4294950353
0,1080,2264924160,1046983,32377,4294966321
0,1081,2267021312,1045760,27301,4294966417
0,1082,2269118464,1045419,6843,4294962371
0,1083,2271215616,1052472,19051,4294958331
0,1084,2273312768,1046766,5970,4294952556
0,1085,2275409920,1047580,22987,4294961961
0,1086,2277507072,1049030,28252,4294965041
0,1087,2279604224,1051293,56665,4294950714
0,1088,2281701376,1051706,273,4294965485
0,1089,2283798528,1049499,1809,4294966806
0,1090,2285895680,1047295,18055,4294958031
0,1091,2287992832,1045497,19047,4294965012
0,1092,2290089984,1062959,269,4294953334
0,1093,2292187136,1054634,395,4294962663
0,1094,2294284288,1047530,4364,4294956482
0,1095,2296381440,1046526,31958,4294960863
0,1096,2298478592,1047035,5845,4294961836
0,1097,2300575744,1049808,11317,4294966782
0,1098,2302672896,1044593,11113,4294962322
0,1099,2304770048,1046818,22024,4294965836
0,1100,2306867200,1047588,3381,4294964222
0,1101,2308964352,1052246,7661,4294965558
0,1102,2311061504,1045183,29002,4294965750
0,1103,2313158656,1044916,10121,4294966269
0,1104,2315255808,1052674,399,4294964334
0,1105,2317352960,1058018,891,4294956302
0,1106,2319450112,1045144,11483,4294957355
0,1107,2321547264,1049194,16256,4294965611
0,1108,2323644416,1053185,645,4294958443
0,1109,2325741568,1050705,8459,4294960577
0,1110,2327838720,1046905,1935,4294963982
0,1111,2329935872,1049232,2927,4294956890
0,1112,2332033024,1053317,6221,4294962898
0,1113,2334130176,1051079,18181,4294953858
0,1114,2336227328,1046616,3753,4294961821
0,1115,2338324480,1046445,14225,4294962338
0,1116,2340421632,1050692,6717,4294933024
0,1117,2342518784,1047023,22861,4294962667
0,1118,2344615936,1049260,19625,4294964958
0,1119,2346713088,1046601,26737,4294964819
0,1120,2348810240,1047864,4368,4294960778
0,1121,2350907392,1047092,27700,4294966009
0,1122,2353004544,1048782,4860,4294965133
0,1123,2355101696,1044336,19987,4294965850
0,1124,2357198848,1045717,7853,4294963401
0,1125,2359296000,1045622,28136,4294962247
0,1126,2361393152,1045756,13765,4294965584
0,1127,2363490304,1047142,28160,4294964684
0,1128,2365587456,1052955,11749,4294960587
0,1129,2367684608,1049691,29578,4294955474
0,1130,2369781760,1047446,14531,4294957502
0,1131,2371878912,1048952,15059,4294965684
0,1132,2373976064,1045323,28357,4294964348
0,1133,2376073216,1048418,6896,4294960653
0,1134,2378170368,1046796,83298,4294963836
0,1135,2380267520,1042680,5904,4294949894
0,1136,2382364672,1047040,43517,4294954010
0,1137,2384461824,1047390,15846,4294962085
0,1138,2386558976,1049589,13004,4294966475
0,1139,2388656128,1046584,36607,4294962448
0,1140,2390753280,1048078,6852,4294964903
0,1141,2392850432,1048701,39300,4294965962
0,1142,2394947584,1050312,7104,4294963526
0,1143,2397044736,1044482,43826,4294956063
0,1144,2399141888,1049080,15283,4294961857
0,1145,2401239040,1048340,8076,4294966729
0,1146,2403336192,1043820,46918,4294941888
0,1147,2405433344,1046175,19844,4294961692
0,1148,2407530496,1046515,26445,4294966633
0,1149,2409627648,1046636,11884,4294966033
0,1150,2411724800,1049859,11443,4294966518
0,1151,2413821952,1046798,13749,4294961321
0,1152,2415919104,1053339,2129,4294946644
0,1153,2418016256,1047331,31505,4294961840
0,1154,2420113408,1046620,39888,4294960181
0,1155,2422210560,1047375,20806,4294965921
0,1156,2424307712,1053110,2625,4294962890
0,1157,2426404864,1046143,3617,4294958575
0,1158,2428502016,1047063,39018,4294964942
0,1159,2430599168,1051917,23720,4294962368
0,1160,2432696320,1047773,4361,4294958830
0,1161,2434793472,1046097,13778,4294956605
0,1162,2436890624,1047324,14770,4294964331
0,1163,2438987776,1045605,14222,4294960844
0,1164,2441084928,1047800,4857,4294953181
0,1165,2443182080,1045913,5901,4294964345
0,1166,2445279232,1049796,39297,4294962445
0,1167,2447376384,1046145,11881,4294966030
0,1168,2449473536,1049492,10446,4294962365
0,1169,2451570688,1045948,55047,4294956782
0,1170,2453667840,1058129,10809,4294958590
0,1171,2455764992,1049038,11454,4294960235
0,1172,2457862144,1042790,39621,4294966510
0,1173,2459959296,1045079,27398,4294957399
0,1174,2462056448,1051949,10313,4294961466
0,1175,2464153600,1045393,11075,4294961200
0,1176,2466250752,1047622,10958,4294966404
0,1177,2468347904,1047977,19269,4294962225
0,1178,2470445056,1049747,10001,4294966786
0,1179,2472542208,1050966,11489,4294958112
0,1180,2474639360,1046054,26956,4294966606
0,1181,2476736512,1044737,23697,4294955687
0,1182,2478833664,1047816,12545,4294966075
0,1183,2480930816,1045679,13675,4294966112
0,1184,2483027968,1048546,12105,4294965886
0,1185,2485125120,1044993,38600,4294957048
0,1186,2487222272,1045618,51560,4294956959
0,1187,2489319424,1045843,7848,4294966513
0,1188,2491416576,1044512,43546,4294965916
0,1189,2493513728,1045115,11117,4294958407
0,1190,2495610880,1047656,20053,4294966162
0,1191,2497708032,1047050,11802,4294965631
0,1192,2499805184,1047098,13981,4294953342
0,1193,2501902336,1047364,27769,4294947560
0,1194,2503999488,1048364,28409,4294961952
0,1195,2506096640,1045497,27401,4294962629
0,1196,2508193792,1046723,44540,4294961971
0,1197,2510290944,1047502,18320,4294962880
0,1198,2512388096,1046788,12001,4294966981
0,1199,2514485248,1045330,40271,4294964763
0,1200,2516582400,1051909,12989,4294956561
0,1201,2518679552,1049770,16208,4294966128
0,1202,2520776704,1044996,30144,4294962677
0,1203,2522873856,1045343,31690,4294965199
0,1204,2524971008,1050468,10316,4294966993
0,1205,2527068160,1045087,15904,4294956189
0,1206,2529165312,1050312,7410,4294967123
0,1207,2531262464,1046901,42955,4294961223
0,1208,2533359616,1045564,14908,4294964984
0,1209,2535456768,1051548,24044,4294950373
0,1210,2537553920,1045954,15835,4294932204
0,1211,2539651072,1046095,14985,4294962057
0,1212,2541748224,1047204,4926,4294965331
0,1213,2543845376,1047734,26822,4294959561
0,1214,2545942528,1049656,44837,4294960381
0,1215,2548039680,1050872,5426,4294967049
0,1216,2550136832,1051055,4113,4294966647
0,1217,2552233984,1045384,7593,4294966407
0,1218,2554331136,1049003,27689,4294959809
0,1219,2556428288,1047975,23652,4294958044
0,1220,2558525440,1055169,4609,4294965650
0,1221,2560622592,1051608,8018,4294958800
0,1222,2562719744,1045079,15171,4294965296
0,1223,2564816896,1047914,3920,4294965995
0,1224,2566914048,1052898,2873,4294965577
0,1225,2569011200,1050489,14117,4294965289
0,1226,2571108352,1046438,15513,4294966549
0,1227,2573205504,1046405,7518,4294949931
0,1228,2575302656,1047058,2377,4294964494
0,1229,2577399808,1045988,22905,4294964226
0,1230,2579496960,1047281,12489,4294963149
0,1231,2581594112,1048475,13481,4294961676
0,1232,2583691264,1047526,6537,4294965535
0,1233,2585788416,1049704,28110,4294966263
0,1234,2587885568,1047479,15829,4294965193
0,1235,2589982720,1049007,12793,4294964744
0,1236,2592079872,1050264,6660,4294965658
0,1237,2594177024,1048164,10004,4294965316
0,1238,2596274176,1050376,13059,4294966789
0,1239,2598371328,1060921,12297,4294966215
0,1240,2600468480,1049471,13620,4294963272
0,1241,2602565632,1045965,6920,4294961707
0,1242,2604662784,1052033,7641,4294966019
0,1243,2606759936,1051394,2996,4294965412
0,1244,2608857088,1045862,27560,4294958115
0,1245,2610954240,1045093,15294,4294960068
0,1246,2613051392,1050891,15185,4294964202
0,1247,2615148544,1047167,10993,4294962548
0,1248,2617245696,1049318,14415,4294948706
0,1249,2619342848,1047510,14781,4294958486
0,1250,2621440000,1047890,19024,4294965754
0,1251,2623537152,1043890,15390,4294961040
0,1252,2625634304,1046542,26989,4294965166
0,1253,2627731456,1047528,55920,4294962235
0,1254,2629828608,1044649,26315,4294954182
0,1255,2631925760,1047916,15423,4294966609
0,1256,2634022912,1046522,12366,4294961450
0,1257,2636120064,1043624,23700,4294955690
0,1258,2638217216,1042511,32514,4294960495
0,1259,2640314368,1046138,13358,4294955905
0,1260,2642411520,1046845,19768,4294964367
0,1261,2644508672,1045497,28202,4294957917
0,1262,2646605824,1047608,27433,4294959504
0,1263,2648702976,1045289,23767,4294966662
0,1264,2650800128,1046038,7470,4294966078
0,1265,2652897280,1049697,7885,4294966284
0,1266,2654994432,1046233,7652,4294963467
0,1267,2657091584,1048399,5486,4294965636
0,1268,2659188736,1043953,11807,4294962872
0,1269,2661285888,1044691,10125,4294964793
0,1270,2663383040,1048102,3740,4294961879
0,1271,2665480192,1047937,27585,4294965976
0,1272,2667577344,1044972,4494,4294966273
0,1273,2669674496,1048317,19818,4294957904
0,1274,2671771648,1050869,23307,4294964864
0,1275,2673868800,1046433,7895,4294966115
0,1276,2675965952,1047660,36492,4294959818
0,1277,2678063104,1045923,6932,4294957375
0,1278,2680160256,1048914,31468,4294960935
0,1279,2682257408,1049499,23707,4294961295
0,1280,2684354560,1056877,147,4294957766
0,1281,2686451712,1053073,8957,4294962192
0,1282,2688548864,1047807,20363,4294960952
0,1283,2690646016,1050383,14738,4294965889
0,1284,2692743168,1051348,8333,4294964522
0,1285,2694840320,1050676,9073,4294960701
0,1286,2696937472,1048703,10739,4294962155
0,1287,2699034624,1050990,3627,4294962772
0,1288,2701131776,1046317,15726,4294958024
0,1289,2703228928,1046678,7426,4294964338
0,1290,2705326080,1044993,18305,4294961028
0,1291,2707423232,1051605,6345,4294965385
0,1292,2709520384,1046639,23735,4294966392
0,1293,2711617536,1046489,38603,4294960709
0,1294,2713714688,1052109,6841,4294957167
0,1295,2715811840,1047929,34673,4294961959
0,1296,2717908992,1048214,8591,4294956151
0,1297,2720006144,1051731,393,4294953332
0,1298,2722103296,1047711,11111,4294957810
0,1299,2724200448,1048727,3379,4294965364
0,1300,2726297600,1058492,889,4294965609
0,1301,2728394752,1050552,643,4294958441
0,1302,2730491904,1050248,15018,4294962336
0,1303,2732589056,1047890,23485,4294962279
0,1304,2734686208,1046418,27698,4294958415
0,1305,2736783360,1044979,7851,4294962577
0,1306,2738880512,1050285,14529,4294960585
0,1307,2740977664,1046084,28355,4294962926
0,1308,2743074816,1048200,13002,4294962083
0,1309,2745171968,1043956,38334,4294965960
0,1310,2747269120,1047181,8074,4294961855
0,1311,2749366272,1047560,11441,4294966516
0,1312,2751463424,1047280,12240,4294965919
0,1313,2753560576,1048097,43549,4294964940
0,1314,2755657728,1045280,13776,4294958599
0,1315,2757754880,1046747,28495,4294966028
0,1316,2759852032,1046690,56541,4294960233
0,1317,2761949184,1041774,23181,4294966508
0,1318,2764046336,1045866,9999,4294964667
0,1319,2766143488,1045661,23402,4294966604
0,1320,2768240640,1046099,19566,4294965884
0,1321,2770337792,1045910,42363,4294962438
0,1322,2772434944,1047715,13979,4294943291
0,1323,2774532096,1046704,18318,4294949560
0,1324,2776629248,1049709,12987,4294958553
0,1325,2778726400,1047671,25995,4294965664
0,1326,2780823552,1046733,39366,4294950200
0,1327,2782920704,1046947,11120,4294965329
0,1328,2785017856,1051214,27687,4294960565
0,1329,2787115008,1052554,20056,4294960144
0,1330,2789212160,1046650,39538,4294949749
0,1331,2791309312,1049037,23984,4294955849
0,1332,2793406464,1047523,13133,4294945155
0,1333,2795503616,1051124,6658,4294966165
0,1334,2797600768,1048381,6918,4294956922
0,1335,2799697920,1042899,10991,4294960066
0,1336,2801795072,1048034,14779,4294960195
0,1337,2803892224,1046763,26987,4294961493
0,1338,2805989376,1043147,46348,4294954195
0,1339,2808086528,1049560,28551,4294966660
0,1340,2810183680,1045438,7650,4294965634
0,1341,2812280832,1044379,3738,4294962870
0,1342,2814377984,1049586,23269,4294957902
0,1343,2816475136,1049464,6930,4294960933
0,1344,2818572288,1054663,145,4294953345
0,1345,2820669440,1054422,3625,4294962770
0,1346,2822766592,1046944,31650,4294960264
0,1347,2824863744,1043962,28477,4294966390
0,1348,2826960896,1051631,8839,4294953446
0,1349,2829058048,1052354,641,4294939293
0,1350,2831155200,1045812,28353,4294962243
0,1351,2833252352,1045325,11439,4294948284
0,1352,2835349504,1044577,12238,4294964938
0,1353,2837446656,1043462,9997,4294966108
0,1354,2839543808,1049524,13977,4294949206
0,1355,2841640960,1049115,12985,4294957236
0,1356,2843738112,1050186,24267,4294958040
0,1357,2845835264,1046785,10989,4294960064
0,1358,2847932416,1046601,14777,4294966658
0,1359,2850029568,1048191,42609,4294961875
0,1360,2852126720,1053233,8329,4294966388
0,1361,2854223872,1047645,8829,4294960581
0,1362,2856321024,1045334,29353,4294964936
0,1363,2858418176,1046425,47908,4294961873
0,1364,2860515328,1049313,8827,4294956792
0,1365,2862612480,1060848,8825,4294948093
0,1366,2864709632,1048803,8890,4294957277
0,1367,2866806784,1048861,29290,4294964873
0,1368,2868903936,1049942,9038,4294962214
0,1369,2871001088,1042516,15779,4294948221
0,1370,2873098240,1045378,15975,4294957279
0,1371,2875195392,1051005,8892,4294953143
0,1372,2877292544,1049105,12922,4294953972
0,1373,2879389696,1044467,32444,4294964875
0,1374,2881486848,1050803,6593,4294964652
0,1375,2883584000,1050392,3673,4294958851
0,1376,2885681152,1049920,8528,4294961974
0,1377,2887778304,1047354,31661,4294958004
0,1378,2889875456,1050029,6795,4294963986
0,1379,2891972608,1053521,8394,4294960529
0,1380,2894069760,1045687,14977,4294966453
0,1381,2896166912,1049304,6787,4294962020
0,1382,2898264064,1045877,27635,4294964619
0,1383,2900361216,1043014,47507,4294957405
0,1384,2902458368,1045456,23517,4294960646
0,1385,2904555520,1043589,40019,4294962883
0,1386,2906652672,1044812,35475,4294965322
0,1387,2908749824,1044578,15977,4294964482
0,1388,2910846976,1053890,20300,4294961010
0,1389,2912944128,1050146,1939,4294953145
0,1390,2915041280,1048521,9886,4294945445
0,1391,2917138432,1049054,11172,4294956644
0,1392,2919235584,1049444,12040,4294965821
0,1393,2921332736,1048284,13916,4294948681
0,1394,2923429888,1051829,11992,4294966984
0,1395,2925527040,1047111,12924,4294966063
0,1396,2927624192,1044918,32446,4294966541
0,1397,2929721344,1044223,43753,4294966445
0,1398,2931818496,1045070,20007,4294964877
0,1399,2933915648,1048644,24166,4294962380
0,1400,2936012800,1050362,6595,4294966198
0,1401,2938109952,1046392,2931,4294956859
0,1402,2940207104,1048584,36483,4294966484
0,1403,2942304256,1048068,29710,4294966294
0,1404,2944401408,1044306,15609,4294965001
0,1405,2946498560,1047962,14793,4294960552
0,1406,2948595712,1046184,3675,4294962807
0,1407,2950692864,1048840,23206,4294964766
0,1408,2952790016,1054649,210,4294957829
0,1409,2954887168,1048943,17937,4294962902
0,1410,2956984320,1048812,31895,4294954091
0,1411,2959081472,1051637,9020,4294963915
0,1412,2961178624,1048252,15275,4294958748
0,1413,2963275776,1053272,4802,4294964159
0,1414,2965372928,1047482,4810,4294958261
0,1415,2967470080,1046333,21961,4294954680
0,1416,2969567232,1050949,6797,4294965843
0,1417,2971664384,1049498,26674,4294964756
0,1418,2973761536,1051511,3690,4294961758
0,1419,2975858688,1072913,16084,4294962835
0,1420,2977955840,1049122,11420,4294960531
0,1421,2980052992,1053467,9520,4294960961
0,1422,2982150144,1050761,8396,4294960514
0,1423,2984247296,1051164,26424,4294966131
0,1424,2986344448,1045942,3861,4294962202
0,1425,2988441600,1045119,19781,4294952789
0,1426,2990538752,1046159,14979,4294966455
0,1427,2992635904,1047884,26382,4294965970
0,1428,2994733056,1047331,7041,4294953218
0,1429,2996830208,1048079,6789,4294964840
0,1430,2998927360,1046581,15783,4294962022
0,1431,3001024512,1051228,42176,4294946129
0,1432,3003121664,1050229,11678,4294960982
0,1433,3005218816,1048960,19929,4294964621
0,1434,3007315968,1045819,22201,4294965787
0,1435,3009413120,1044456,20677,4294957715
0,1436,3011510272,1048206,13899,4294956024
0,1437,3013607424,1047816,12875,4294958288
0,1438,3015704576,1046089,38985,4294962028
0,1439,3017801728,1044297,38795,4294960901
0,1440,3019898880,1047690,10319,4294961070
0,1441,3021996032,1047527,10831,4294964542
0,1442,3024093184,1050638,23593,4294964953
0,1443,3026190336,1046871,48292,4294966676
0,1444,3028287488,1046922,39013,4294962885
0,1445,3030384640,1045266,21901,4294966996
0,1446,3032481792,1044201,27274,4294966354
0,1447,3034578944,1043885,22031,4294962308
0,1448,3036676096,1045498,35533,4294965868
0,1449,3038773248,1047511,3757,4294965324
0,1450,3040870400,1049094,9877,4294958185
0,1451,3042967552,1044945,11029,4294953788
0,1452,3045064704,1045145,19641,4294962830
0,1453,3047161856,1046552,15979,4294964484
0,1454,3049259008,1048070,21909,4294964277
0,1455,3051356160,1049137,7525,4294964725
0,1456,3053453312,1047731,15081,4294964914
0,1457,3055550464,1051083,20302,4294962842
0,1458,3057647616,1049938,10699,4294956446
0,1459,3059744768,1052629,2501,4294965445
0,1460,3061841920,1045917,11693,4294947838
0,1461,3063939072,1052743,706,4294958504
0,1462,3066036224,1057348,966,4294967126
0,1463,3068133376,1048563,3429,4294950401
0,1464,3070230528,1051111,8142,4294956168
0,1465,3072327680,1048103,4733,4294952837
0,1466,3074424832,1044493,23975,4294961226
0,1467,3076521984,1048455,38209,4294949878
0,1468,3078619136,1050578,4237,4294966795
0,1469,3080716288,1045721,16008,4294964577
0,1470,3082813440,1046943,11174,4294960421
0,1471,3084910592,1048624,15960,4294958774
0,1472,3087007744,1052483,6352,4294965823
0,1473,3089104896,1049013,6981,4294962860
0,1474,3091202048,1049466,6864,4294966099
0,1475,3093299200,1045628,11054,4294950134
0,1476,3095396352,1050611,11950,4294966918
0,1477,3097493504,1052990,6721,4294964987
0,1478,3099590656,1047468,13918,4294957956
0,1479,3101687808,1046413,15713,4294957211
0,1480,3103784960,1049729,27738,4294963029
0,1481,3105882112,1054724,11994,4294966986
0,1482,3107979264,1049949,15772,4294962919
0,1483,3110076416,1061896,24332,4294950310
0,1484,3112173568,1046557,24398,4294955912
0,1485,3114270720,1050618,12926,4294966065
0,1486,3116367872,1047794,39695,4294954866
0,1487,3118465024,1049262,29296,4294964848
0,1488,3120562176,1046616,52233,4294959743
0,1489,3122659328,1048108,28130,4294966723
0,1490,3124756480,1047438,31934,4294965910
0,1491,3126853632,1045747,27427,4294966543
0,1492,3128950784,1048253,14842,4294950065
0,1493,3131047936,1044920,28319,4294966447
0,1494,3133145088,1049289,26511,4294962302
0,1495,3135242240,1051975,47606,4294957061
0,1496,3137339392,1047842,3801,4294961940
0,1497,3139436544,1047638,34057,4294964879
0,1498,3141533696,1047859,7761,4294965032
0,1499,3143630848,1046903,7713,4294957869
0,1500,3145728000,1046651,15886,4294951690
0,1501,3147825152,1049220,19673,4294965108
0,1502,3149922304,1046830,11707,4294964282
0,1503,3152019456,1048744,56299,4294962382
0,1504,3154116608,1050615,12560,4294966200
0,1505,3156213760,1047891,14346,4294964262
0,1506,3158310912,1063627,4485,4294965718
0,1507,3160408064,1051397,6597,4294965595
0,1508,3162505216,1047738,4685,4294964139
0,1509,3164602368,1048137,4677,4294964034
0,1510,3166699520,1048513,11125,4294965392
0,1511,3168796672,1053233,2933,4294965349
0,1512,3170893824,1049847,2253,4294959564
0,1513,3172990976,1047616,12426,4294953753
0,1514,3175088128,1047344,15450,4294966486
0,1515,3177185280,1052405,14042,4294965226
0,1516,3179282432,1049334,18893,4294958699
0,1517,3181379584,1046613,2749,4294966584
0,1518,3183476736,1048288,4554,4294960922
0,1519,3185573888,1045463,15108,4294965233
0,1520,3187671040,1049015,12303,4294961387
0,1521,3189768192,1046766,13295,4294962760
0,1522,3191865344,1046817,27370,4294965003
0,1523,3193962496,1046528,31799,4294964304
0,1524,3196059648,1046520,26252,4294964823
0,1525,3198156800,1048260,13165,4294966091
0,1526,3200253952,1049415,14795,4294954807
0,1527,3202351104,1048007,13839,4294965691
0,1528,3204448256,1048598,10062,4294967052
0,1529,3206545408,1050721,3677,4294958388
0,1530,3208642560,1051967,4937,4294967040
0,1531,3210739712,1046274,5429,4294966221
0,1532,3212836864,1047482,23208,4294966464
0,1533,3214934016,1045409,40005,4294956968
0,1534,3217031168,1047148,22333,4294958171
0,1535,3219128320,1051905,10869,4294962424
0,1536,3221225472,1063192,212,4294953887
0,1537,3223322624,1050267,3331,4294961778
0,1538,3225419776,1054333,1748,4294965859
0,1539,3227516928,1046637,9652,4294964082
0,1540,3229614080,1048206,47487,4294962461
0,1541,3231711232,1046357,7025,4294966650
0,1542,3233808384,1052269,2563,4294962404
0,1543,3235905536,1048336,2835,4294961520
0,1544,3238002688,1045829,39177,4294966410
0,1545,3240099840,1046677,11819,4294953555
0,1546,3242196992,1046707,11684,4294941252
0,1547,3244294144,1047263,4795,4294965519
0,1548,3246391296,1046960,7596,4294962257
0,1549,3248488448,1048363,4299,4294956417
0,1550,3250585600,1051016,9022,4294963917
0,1551,3252682752,1045649,14160,4294962602
0,1552,3254779904,1046443,15594,4294958421
0,1553,3256877056,1047427,15277,4294941917
0,1554,3258974208,1049861,31403,4294961946
0,1555,3261071360,1050767,12483,4294966013
0,1556,3263168512,1048142,11427,4294965954
0,1557,3265265664,1050340,9939,4294964646
0,1558,3267362816,1048403,3855,4294965930
0,1559,3269459968,1050636,3807,4294964161
0,1560,3271557120,1051104,10747,4294961017
0,1561,3273654272,1048218,10893,4294958047
0,1562,3275751424,1046002,4812,4294958765
0,1563,3277848576,1048707,23655,4294958263
0,1564,3279945728,1046959,27336,4294961887
0,1565,3282042880,1043672,59078,4294954682
0,1566,3284140032,1046582,10251,4294961404
0,1567,3286237184,1047762,11013,4294964919
0,1568,3288334336,1051844,6287,4294957891
0,1569,3290431488,1051247,17999,4294962964
0,1570,3292528640,1051541,3748,4294963977
0,1571,3294625792,1046514,28089,4294965845
0,1572,3296722944,1049554,4872,4294966399
0,1573,3298820096,1048820,45990,4294964758
0,1574,3300917248,1054181,4612,4294965653
0,1575,3303014400,1048120,19763,4294959499
0,1576,3305111552,1050999,7348,4294965604
0,1577,3307208704,1047264,35205,4294956772
0,1578,3309305856,1048239,3692,4294953441
0,1579,3311403008,1048205,27209,4294966931
0,1580,3313500160,1073624,16086,4294960896
0,1581,3315597312,1054558,19636,4294962837
0,1582,3317694464,1052434,3796,4294962137
0,1583,3319791616,1049590,12810,4294965137
0,1584,3321888768,1047588,11422,4294965854
0,1585,3323985920,1045360,40519,4294958345
0,1586,3326083072,1049114,11740,4294960533
0,1587,3328180224,1049150,19991,4294961571
0,1588,3330277376,1047122,7786,4294958350
0,1589,3332374528,1048940,10014,4294965299
0,1590,3334471680,1048363,9138,4294960766
0,1591,3336568832,1047248,27044,4294962847
0,1592,3338665984,1047900,8398,4294960516
0,1593,3340763136,1045790,31594,4294964587
0,1594,3342860288,1047061,12173,4294966043
0,1595,3344957440,1050529,9390,4294962178
0,1596,3347054592,1045779,3923,4294962264
0,1597,3349151744,1046173,43774,4294960464
0,1598,3351248896,1047955,11939,4294966907
0,1599,3353346048,1048213,36418,4294966133
0,1600,3355443200,1048514,2384,4294954607
0,1601,3357540352,1046088,7823,4294962204
0,1602,3359637504,1052678,2876,4294954783
0,1603,3361734656,1046225,7086,4294963405
0,1604,3363831808,1048349,19735,4294960335
0,1605,3365928960,1044874,36655,4294961817
0,1606,3368026112,1044994,11745,4294965580
0,1607,3370123264,1044661,43497,4294956322
0,1608,3372220416,1048938,78266,4294961618
0,1609,3374317568,1047758,10954,4294962682
0,1610,3376414720,1048016,28544,4294965057
0,1611,3378511872,1046815,14981,4294966457
0,1612,3380609024,1047264,19756,4294965292
0,1613,3382706176,1047686,13616,4294966211
0,1614,3384803328,1048600,19020,4294965938
0,1615,3386900480,1049603,7833,4294965972
0,1616,3388997632,1053994,6414,4294952599
0,1617,3391094784,1047931,7043,4294954764
0,1618,3393191936,1044077,28491,4294966600
0,1619,3395289088,1050248,6906,4294959442
0,1620,3397386240,1045732,75427,4294957232
0,1621,3399483392,1044513,32440,4294954143
0,1622,3401580544,1050729,6783,4294956640
0,1623,3403677696,1046571,24162,4294964842
0,1624,3405774848,1047342,18126,4294962251
0,1625,3407872000,1045984,15785,4294962024
0,1626,3409969152,1047143,7521,4294964538
0,1627,3412066304,1046287,6033,4294948938
0,1628,3414163456,1051208,42178,4294960046
0,1629,3416260608,1046481,27423,4294965104
0,1630,3418357760,1048031,40157,4294964627
0,1631,3420454912,1050529,27812,4294964355
0,1632,3422552064,1048146,2319,4294965515
0,1633,3424649216,1050159,18955,4294959691
0,1634,3426746368,1047294,26832,4294964562
0,1635,3428843520,1047366,24097,4294959377
0,1636,3430940672,1048249,2380,4294962518
0,1637,3433037824,1049231,6410,4294965024
0,1638,3435134976,1049440,2315,4294965450
0,1639,3437232128,1048955,18813,4294953815
0,1640,3439329280,1047045,19996,4294965789
0,1641,3441426432,1045724,11874,4294959554
0,1642,3443523584,1049304,10899,4294937157
0,1643,3445620736,1051160,4547,4294965588
0,1644,3447717888,1044397,39170,4294965454
0,1645,3449815040,1046734,2506,4294961713
0,1646,3451912192,1048574,19142,4294962098
0,1647,3454009344,1048962,11194,4294961339
0,1648,3456106496,1047567,6094,4294948999
0,1649,3458203648,1046600,13901,4294960821
0,1650,3460300800,1049863,12492,4294966153
0,1651,3462397952,1048235,27873,4294964885
0,1652,3464495104,1048263,12731,4294956181
0,1653,3466592256,1047729,13861,4294956532
0,1654,3468689408,1043819,6475,4294958290
0,1655,3470786560,1045973,19935,4294962721
0,1656,3472883712,1048177,2445,4294967182
0,1657,3474980864,1049296,10499,4294962583
0,1658,3477078016,1045323,22978,4294962939
0,1659,3479175168,1045682,19796,4294960396
0,1660,3481272320,1046508,15468,4294957030
0,1661,3483369472,1045647,19081,4294962347
0,1662,3485466624,1049820,7491,4294964403
0,1663,3487563776,1049631,10931,4294962486
0,1664,3489660928,1053337,2001,4294967250
0,1665,3491758080,1050256,11329,4294961072
0,1666,3493855232,1045411,11698,4294958279
0,1667,3495952384,1047849,5298,4294965538
0,1668,3498049536,1048939,6540,4294964544
0,1669,3500146688,1046613,10833,4294963021
0,1670,3502243840,1045163,7548,4294966145
0,1671,3504340992,1044844,32326,4294965038
0,1672,3506438144,1046172,23682,4294962786
0,1673,3508535296,1049974,5842,4294966266
0,1674,3510632448,1050019,6834,4294960591
0,1675,3512729600,1048069,22473,4294964955
0,1676,3514826752,1050600,36616,4294963398
0,1677,3516923904,1051806,28229,4294960650
0,1678,3519021056,1046759,7101,4294958315
0,1679,3521118208,1045657,14277,4294966678
0,1680,3523215360,1045711,20069,4294962887
0,1681,3525312512,1049454,11878,4294964328
0,1682,3527409664,1045719,26124,4294946638
0,1683,3529506816,1050015,13926,4294966072
0,1684,3531603968,1047274,20050,4294961630
0,1685,3533701120,1047067,46856,4294941826
0,1686,3535798272,1047662,21903,4294965196
0,1687,3537895424,1051322,12054,4294966998
0,1688,3539992576,1049555,12796,4294966356
0,1689,3542089728,1045608,27943,4294964491
0,1690,3544186880,1045869,14663,4294966260
0,1691,3546284032,1045648,2993,4294962642
0,1692,3548381184,1046738,14412,4294962310
0,1693,3550478336,1044780,15671,4294959859
0,1694,3552575488,1048587,31524,4294963464
0,1695,3554672640,1048076,7904,4294957372
0,1696,3556769792,1052874,6159,4294963589
0,1697,3558866944,1049554,16037,4294965870
0,1698,3560964096,1045733,29729,4294962333
0,1699,3563061248,1046593,14958,4294963521
0,1700,3565158400,1047613,12749,4294966025
0,1701,3567255552,1047166,19563,4294965661
0,1702,3569352704,1050037,6655,4294964714
0,1703,3571449856,1047234,3735,4294961490
0,1704,3573547008,1048101,13966,4294958187
0,1705,3575644160,1047490,14535,4294954190
0,1706,3577741312,1050268,8887,4294962148
0,1707,3579838464,1051068,9035,4294958381
0,1708,3581935616,1052290,8391,4294957578
0,1709,3584032768,1046643,9153,4294965319
0,1710,3586129920,1046072,18252,4294964451
0,1711,3588227072,1045115,13067,4294962804
0,1712,3590324224,1046753,207,4294964156
0,1713,3592421376,1055945,3687,4294964753
0,1714,3594518528,1043571,42173,4294952018
0,1715,3596615680,1046070,20674,4294965784
0,1716,3598712832,1047536,23299,4294966351
0,1717,3600809984,1047722,11501,4294964722
0,1718,3602907136,1051792,703,4294965442
0,1719,3605004288,1050976,8139,4294966792
0,1720,3607101440,1048990,11051,4294965565
0,1721,3609198592,1049181,13185,4294965774
0,1722,3611295744,1050521,14839,4294966720
0,1723,3613392896,1049951,20919,4294964279
0,1724,3615490048,1062652,7575,4294965592
0,1725,3617587200,1052628,4551,4294966581
0,1726,3619684352,1047682,12300,4294965688
0,1727,3621781504,1049426,10059,4294966218
0,1728,3623878656,1051064,465,4294962401
0,1729,3625975808,1047485,9265,4294955937
0,1730,3628072960,1046657,5053,4294953494
0,1731,3630170112,1045179,13607,4294964916
0,1732,3632267264,1051033,10801,4294965458
0,1733,3634364416,1051231,9809,4294962134
0,1734,3636461568,1050674,9135,4294962844
0,1735,3638558720,1046967,20304,4294960461
0,1736,3640655872,1048830,7083,4294960771
0,1737,3642753024,1046160,23797,4294962541
0,1738,3644850176,1048760,6903,4294957229
0,1739,3646947328,1049833,19371,4294964535
0,1740,3649044480,1051772,6407,4294965447
0,1741,3651141632,1049799,2503,4294964114
0,1742,3653238784,1046697,6091,4294965706
0,1743,3655335936,1045766,26800,4294967179
0,1744,3657433088,1051417,1998,4294967247
0,1745,3659530240,1047923,7098,4294955534
0,1746,3661627392,1049601,20066,4294956953
0,1747,3663724544,1047449,2990,4294957721
0,1748,3665821696,1051140,7644,4294966022
0,1749,3667918848,1049919,8522,4294956927
0,1750,3670016000,1052154,708,4294961917
0,1751,3672113152,1048732,5556,4294958506
0,1752,3674210304,1053392,974,4294953918
0,1753,3676307456,1050929,6088,4294967176
0,1754,3678404608,1056522,957,4294957706
0,1755,3680501760,1073674,951,4294967173
0,1756,3682598912,1051104,8653,4294942173
0,1757,3684696064,1055600,455,4294965674
0,1758,3686793216,1049194,3005,4294944244
0,1759,3688890368,1047088,10567,4294950403
0,1760,3690987520,1049155,8144,4294962412
0,1761,3693084672,1043102,25928,4294960968
0,1762,3695181824,1050263,11925,4294956216
0,1763,3697278976,1048198,8906,4294966591
0,1764,3699376128,1045593,26178,4294964100
0,1765,3701473280,1049559,19110,4294962852
0,1766,3703570432,1049644,4735,4294963848
0,1767,3705667584,1047108,4995,4294958118
0,1768,3707764736,1047673,4046,4294965677
0,1769,3709861888,1043420,23748,4294961228
0,1770,3711959040,1046083,23977,4294945342
0,1771,3714056192,1047545,27049,4294960660
0,1772,3716153344,1047543,15297,4294962932
0,1773,3718250496,1050093,458,4294960071
0,1774,3720347648,1052106,16826,4294965418
0,1775,3722444800,1048147,38211,4294953397
0,1776,3724541952,1048814,4239,4294953357
0,1777,3726639104,1049848,7556,4294965429
0,1778,3728736256,1046766,38892,4294966797
0,1779,3730833408,1047553,3444,4294964468
0,1780,3732930560,1051775,2764,4294947588
0,1781,3735027712,1045967,13549,4294965813
0,1782,3737124864,1049302,2756,4294964579
0,1783,3739222016,1045925,7719,4294966864
0,1784,3741319168,1046294,43942,4294956648
0,1785,3743416320,1048251,56091,4294958269
0,1786,3745513472,1042666,27239,4294960423
0,1787,3747610624,1047486,11176,4294961744
0,1788,3749707776,1047712,11549,4294963534
0,1789,3751804928,1046385,5908,4294961343
0,1790,3753902080,1047109,11578,4294950188
0,1791,3755999232,1052871,10996,4294958776
0,1792,3758096384,1058706,83,4294965825
0,1793,3760193536,1049286,3563,4294964458
0,1794,3762290688,1048981,23671,4294962415
0,1795,3764387840,1047762,7362,4294952539
0,1796,3766484992,1048165,8010,4294961791
0,1797,3768582144,1049571,36176,4294962862
0,1798,3770679296,1047086,3315,4294951880
0,1799,3772776448,1052528,579,4294956898
0,1800,3774873600,1045446,14715,4294965551
0,1801,3776970752,1049104,6866,4294965570
0,1802,3779067904,1046601,11090,4294966101
0,1803,3781165056,1050329,23920,4294957543
0,1804,3783262208,1046080,23338,4294964603
0,1805,3785359360,1045697,15248,4294956522
0,1806,3787456512,1047855,40205,4294949144
0,1807,3789553664,1046605,11056,4294958489
0,1808,3791650816,1046657,11928,4294966920
0,1809,3793747968,1046805,19943,4294964813
0,1810,3795845120,1049999,3611,4294964702
0,1811,3797942272,1052328,2867,4294966230
0,1812,3800039424,1052365,1875,4294960946
0,1813,3802136576,1046910,34859,4294956219
0,1814,3804233728,1049807,6731,4294958929
0,1815,3806330880,1048840,6723,4294964989
0,1816,3808428032,1045725,9933,4294956732
0,1817,3810525184,1047141,10925,4294966594
0,1818,3812622336,1049995,9029,4294953382
0,1819,3814719488,1048079,8267,4294966326
0,1820,3816816640,1050751,8763,4294957213
0,1821,3818913792,1045728,9893,4294945316
0,1822,3821010944,1044574,15715,4294950361
0,1823,3823108096,1048252,43602,4294956869
0,1824,3825205248,1051886,12496,4294965093
0,1825,3827302400,1046791,27740,4294961580
0,1826,3829399552,1046802,20354,4294965169
0,1827,3831496704,1047081,19805,4294966422
0,1828,3833593856,1047846,32169,4294962360
0,1829,3835691008,1050028,11996,4294966988
0,1830,3837788160,1047437,13231,4294958307
0,1831,3839885312,1051551,27488,4294960490
0,1832,3841982464,1048211,19113,4294962921
0,1833,3844079616,1048209,15822,4294961996
0,1834,3846176768,1048968,15774,4294966383
0,1835,3848273920,1047801,27363,4294966479
0,1836,3850371072,1052950,13854,4294948619
0,1837,3852468224,1047899,22416,4294956832
0,1838,3854565376,1061579,15708,4294962855
0,1839,3856662528,1053282,12862,4294965713
0,1840,3858759680,1045994,23374,4294950458
0,1841,3860856832,1045623,24400,4294951118
0,1842,3862953984,1046782,18121,4294955914
0,1843,3865051136,1047267,19889,4294964557
0,1844,3867148288,1047081,36599,4294966067
0,1845,3869245440,1051739,45924,4294965779
0,1846,3871342592,1051829,18066,4294963851
0,1847,3873439744,1049067,4738,4294964095
0,1848,3875536896,1047828,27566,4294958121
0,1849,3877634048,1046310,55729,4294964420
0,1850,3879731200,1045207,27877,4294964425
0,1851,3881828352,1044929,23455,4294966612
0,1852,3883925504,1049708,4998,4294947774
0,1853,3886022656,1049861,54219,4294964850
0,1854,3888119808,1048395,40066,4294954287
0,1855,3890216960,1048881,35678,4294960357
0,1856,3892314112,1051219,4049,4294961453
0,1857,3894411264,1047445,12735,4294956705
0,1858,3896508416,1045960,27882,4294964430
0,1859,3898605568,1045099,7454,4294949956
0,1860,3900702720,1047466,15121,4294950009
0,1861,3902799872,1048172,6856,4294952932
0,1862,3904897024,1047701,13761,4294965680
0,1863,3906994176,1050903,6848,4294966725
0,1864,3909091328,1046238,4430,4294960177
0,1865,3911188480,1044714,55739,4294961231
0,1866,3913285632,1045674,22154,4294965912
0,1867,3915382784,1045352,5422,4294966124
0,1868,3917479936,1045781,47245,4294966545
0,1869,3919577088,1046491,15737,4294954260
0,1870,3921674240,1043820,27429,4294955626
0,1871,3923771392,1044582,23703,4294952861
0,1872,3925868544,1046448,14478,4294960308
0,1873,3927965696,1048361,15840,4294958437
0,1874,3930062848,1046055,32505,4294945330
0,1875,3932160000,1046163,14844,4294960929
0,1876,3934257152,1046484,28321,4294960260
0,1877,3936354304,1044310,28345,4294953137
0,1878,3938451456,1045885,40015,4294966449
0,1879,3940548608,1046213,42301,4294964997
0,1880,3942645760,1046012,20933,4294956721
0,1881,3944742912,1045849,48831,4294965966
0,1882,3946840064,1051656,15345,4294962826
0,1883,3948937216,1048504,12178,4294960680
0,1884,3951034368,1045595,47608,4294955908
0,1885,3953131520,1050242,54983,4294960171
0,1886,3955228672,1048968,13361,4294966340
0,1887,3957325824,1044715,29757,4294966048
0,1888,3959422976,1049903,6479,4294951656
0,1889,3961520128,1047070,3803,4294961942
0,1890,3963617280,1051577,6283,4294964370
0,1891,3965714432,1045954,18243,4294958336
0,1892,3967811584,1048179,22923,4294962729
0,1893,3969908736,1052173,6779,4294957203
0,1894,3972005888,1046110,11870,4294963345
0,1895,3974103040,1045629,7487,4294964881
0,1896,3976200192,1046732,3485,4294965034
0,1897,3978297344,1048846,30089,4294962638
0,1898,3980394496,1048623,9011,4294962144
0,1899,3982491648,1050902,25893,4294939351
0,1900,3984588800,1046512,461,4294962130
0,1901,3986685952,1052644,1453,4294965699
0,1902,3988783104,1048080,28205,4294957920
0,1903,3990880256,1047773,7715,4294965425
0,1904,3992977408,1050824,335,4294965547
0,1905,3995074560,1048990,1871,4294952241
0,1906,3997171712,1050767,22412,4294964894
0,1907,3999268864,1049788,18117,4294958093
0,1908,4001366016,1046018,20798,4294965110
0,1909,4003463168,1046703,46340,4294960275
0,1910,4005560320,1050352,16829,4294965421
0,1911,4007657472,1061631,331,4294960799
0,1912,4009754624,1049514,11709,4294965620
0,1913,4011851776,1045862,6995,4294964284
0,1914,4013948928,1045394,30988,4294962183
0,1915,4016046080,1044378,20924,4294965945
0,1916,4018143232,1047619,22086,4294965898
0,1917,4020240384,1050284,28556,4294962384
0,1918,4022337536,1045407,23770,4294966665
0,1919,4024434688,1047871,11379,4294966569
0,1920,4026531840,1052392,2449,4294967186
0,1921,4028628992,1049930,7473,4294966081
0,1922,4030726144,1048973,14213,4294963334
0,1923,4032823296,1048069,5778,4294966202
0,1924,4034920448,1046692,7840,4294955657
0,1925,4037017600,1044532,3457,4294956252
0,1926,4039114752,1049698,26060,4294964264
0,1927,4041211904,1048177,21839,4294946374
0,1928,4043309056,1053261,13121,4294965501
0,1929,4045406208,1060668,4487,4294965624
0,1930,4047503360,1048856,11147,4294966287
0,1931,4049600512,1050546,16271,4294965720
0,1932,4051697664,1047143,6599,4294965597
0,1933,4053794816,1048557,22463,4294965806
0,1934,4055891968,1050118,12855,4294953842
0,1935,4057989120,1046228,23139,4294965255
0,1936,4060086272,1046412,4175,4294966733
0,1937,4062183424,1045910,7655,4294966800
0,1938,4064280576,1046159,15898,4294963470
0,1939,4066377728,1045060,27579,4294934010
0,1940,4068474880,1046709,15233,4294954448
0,1941,4070572032,1045447,3982,4294962587
0,1942,4072669184,1048070,8080,4294952617
0,1943,4074766336,1052309,4671,4294964036
0,1944,4076863488,1049455,7019,4294964471
0,1945,4078960640,1048443,2439,4294963959
0,1946,4081057792,1049238,12551,4294965394
0,1947,4083154944,1047379,2961,4294961738
0,1948,4085252096,1050840,7580,4294958301
0,1949,4087349248,1049333,15115,4294954485
0,1950,4089446400,1058436,2935,4294967112
0,1951,4091543552,1052778,2941,4294965351
0,1952,4093640704,1049815,2255,4294949625
0,1953,4095737856,1048794,18623,4294962943
0,1954,4097835008,1047941,22992,4294962034
0,1955,4099932160,1047771,11810,4294959490
0,1956,4102029312,1048196,13420,4294960839
0,1957,4104126464,1045835,60613,4294967118
0,1958,4106223616,1047929,12428,4294965645
0,1959,4108320768,1043605,19871,4294956468
0,1960,4110417920,1043860,15721,4294962187
0,1961,4112515072,1049756,27854,4294964964
0,1962,4114612224,1043810,15452,4294954071
0,1963,4116709376,1046780,22722,4294966536
0,1964,4118806528,1046403,31890,4294961753
0,1965,4120903680,1048473,10128,4294959885
0,1966,4123000832,1047420,26506,4294962618
0,1967,4125097984,1047801,13552,4294965228
0,1968,4127195136,1047610,15213,4294965949
0,1969,4129292288,1048800,3743,4294964582
0,1970,4131389440,1047228,10187,4294964855
0,1971,4133486592,1045481,26827,4294958701
0,1972,4135583744,1045546,7532,4294958475
0,1973,4137680896,1045198,14930,4294966346
0,1974,4139778048,1050089,3011,4294964018
0,1975,4141875200,1047461,2751,4294966586
0,1976,4143972352,1048198,7957,4294966867
0,1977,4146069504,1054006,19800,4294965073
0,1978,4148166656,1046130,4556,4294966335
0,1979,4150263808,1048358,28025,4294958454
0,1980,4152360960,1045966,7722,4294965235
0,1981,4154458112,1045379,31108,4294961507
0,1982,4156555264,1044831,31530,4294965979
0,1983,4158652416,1045505,47378,4294966843
0,1984,4160749568,1050248,4497,4294961389
0,1985,4162846720,1048018,13681,4294966637
0,1986,4164943872,1044088,44802,4294955562
0,1987,4167041024,1045222,22090,4294962609
0,1988,4169138176,1050208,13297,4294966276
0,1989,4171235328,1048940,20869,4294965902
0,1990,4173332480,1045539,43206,4294960244
0,1991,4175429632,1044109,28257,4294960434
0,1992,4177526784,1044736,11645,4294965005
0,1993,4179623936,1047492,27893,4294961193
0,1994,4181721088,1047614,19611,4294965357
0,1995,4183818240,1050530,19821,4294951628
0,1996,4185915392,1043191,39722,4294957139
0,1997,4188012544,1046872,20135,4294964306
0,1998,4190109696,1048256,54146,4294962953
0,1999,4192206848,1048706,15472,4294962066
0,2000,4194304000,1045180,23310,4294962388
0,2001,4196401152,1048143,31535,4294966003
0,2002,4198498304,1048914,24318,4294960556
0,2003,4200595456,1043964,27554,4294964825
0,2004,4202692608,1050296,46538,4294956099
0,2005,4204789760,1047685,19085,4294964867
0,2006,4206886912,1045713,26376,4294964834
0,2007,4208984064,1048308,11944,4294966912
0,2008,4211081216,1050200,14797,4294966037
0,2009,4213178368,1044796,23274,4294960907
0,2010,4215275520,1052309,7898,4294962798
0,2011,4217372672,1047659,19395,4294964394
0,2012,4219469824,1047560,23845,4294964925
0,2013,4221566976,1047077,11864,4294966118
0,2014,4223664128,1047315,11179,4294966530
0,2015,4225761280,1045559,43608,4294956805
0,2016,4227858432,1051518,2191,4294956821
0,2017,4229955584,1049416,15965,4294967054
0,2018,4232052736,1048451,10064,4294964732
0,2019,4234149888,1046603,52875,4294950719
0,2020,4236247040,1046267,15046,4294960405
0,2021,4238344192,1049241,27081,4294960789
0,2022,4240441344,1047907,3679,4294963537
0,2023,4242538496,1051160,2687,4294966522
0,2024,4244635648,1049212,5963,4294964407
0,2025,4246732800,1051705,4919,4294967042
0,2026,4248829952,1048721,28470,4294961100
0,2027,4250927104,1046150,27515,4294966669
0,2028,4253024256,1045682,14284,4294954371
0,2029,4255121408,1045820,11201,4294966138
0,2030,4257218560,1049337,4423,4294966223
0,2031,4259315712,1046746,22399,4294961362
0,2032,4261412864,1048806,23246,4294957993
0,2033,4263510016,1046080,13103,4294966848
0,2034,4265607168,1046620,23781,4294966466
0,2035,4267704320,1047078,19331,4294962287
0,2036,4269801472,1045294,54082,4294958208
0,2037,4271898624,1045187,11581,4294948765
0,2038,4273995776,1045022,12607,4294966573
0,2039,4276092928,1048320,13737,4294960938
0,2040,4278190080,1052677,10375,4294961528
0,2041,4280287232,1048866,11019,4294961298
0,2042,4282384384,1047157,23758,4294958779
0,2043,4284481536,1045309,23929,4294962747
0,2044,4286578688,1048490,11517,4294961261
0,2045,4288675840,1048554,23146,4294960298
0,2046,4290772992,1050941,10935,4294962426
0,2047,4292870144,1061607,10871,4294958651
0,2048,4294967296,1083786,22,4294967254
0,2049,4297064448,1056913,2709,4294965764
0,2050,4299161600,1054340,9590,4294957769
0,2051,4301258752,1056045,1206,4294965797
0,2052,4303355904,1050809,2773,4294965828
0,2053,4305453056,1051666,6741,4294953981
0,2054,4307550208,1051513,22835,4294961780
0,2055,4309647360,1048908,6963,4294950465
0,2056,4311744512,1057584,518,4294965478
0,2057,4313841664,1049387,13668,4294962711
0,2058,4315938816,1052533,8716,4294950119
0,2059,4318035968,1051276,2742,4294965861
0,2060,4320133120,1046714,11757,4294964084
0,2061,4322230272,1048107,9670,4294964461
0,2062,4324327424,1049411,9654,4294957833
0,2063,4326424576,1046463,11638,4294949369
0,2064,4328521728,1051670,28270,4294962463
0,2065,4330618880,1047324,60210,4294953458
0,2066,4332716032,1048489,42052,4294964978
0,2067,4334813184,1050323,15145,4294958428
0,2068,4336910336,1047600,7027,4294962906
0,2069,4339007488,1047283,20229,4294966652
0,2070,4341104640,1049936,23674,4294960955
0,2071,4343201792,1046400,7707,4294966085
0,2072,4345298944,1055130,2565,4294961152
0,2073,4347396096,1054354,2825,4294965509
0,2074,4349493248,1047168,15665,4294965490
0,2075,4351590400,1048605,14654,4294962406
0,2076,4353687552,1049153,3557,4294957936
0,2077,4355784704,1049024,2837,4294965892
0,2078,4357881856,1048214,10763,4294963595
0,2079,4359979008,1047492,18825,4294961522
0,2080,4362076160,1050602,8336,4294953947
0,2081,4364173312,1044896,55837,4294966412
0,2082,4366270464,1051072,9328,4294960572
0,2083,4368367616,1047128,12111,4294952703
0,2084,4370464768,1047284,13686,4294959954
0,2085,4372561920,1046480,11821,4294961865
0,2086,4374659072,1048712,8013,4294966642
0,2087,4376756224,1043850,15654,4294961290
0,2088,4378853376,1051101,8206,4294960704
0,2089,4380950528,1045266,26982,4294962865
0,2090,4383047680,1052388,8968,4294962209
0,2091,4385144832,1048316,11686,4294960524
0,2092,4387241984,1047490,4797,4294958283
0,2093,4389339136,1047428,9872,4294949109
0,2094,4391436288,1046809,11702,4294963338
0,2095,4393533440,1048317,10864,4294965521
0,2096,4395630592,1048738,3550,4294965925
0,2097,4397727744,1046352,31672,4294964177
0,2098,4399824896,1047105,7828,4294966206
0,2099,4401922048,1051101,2806,4294965084
0,2100,4404019200,1050498,4301,4294956592
0,2101,4406116352,1049863,16842,4294951843
0,2102,4408213504,1046277,8780,4294964109
0,2103,4410310656,1047252,22287,4294966859
0,2104,4412407808,1052242,582,4294964598
0,2105,4414504960,1047088,40506,4294964415
0,2106,4416602112,1047628,30154,4294957292
0,2107,4418699264,1056429,842,4294965542
0,2108,4420796416,1047169,14162,4294962775
0,2109,4422893568,1052602,16024,4294960834
0,2110,4424990720,1047558,19654,4294962604
0,2111,4427087872,1045992,13732,4294960784
0,2112,4429185024,1051841,6544,4294958423
0,2113,4431282176,1046181,16043,4294960134
0,2114,4433379328,1046679,15360,4294962470
0,2115,4435476480,1048094,20288,4294964548
0,2116,4437573632,1046874,22346,4294965554
0,2117,4439670784,1046201,19621,4294962894
0,2118,4441767936,1046085,15055,4294935415
0,2119,4443865088,1046297,15279,4294956059
0,2120,4445962240,1052486,2629,4294964341
0,2121,4448059392,1048821,11071,4294961216
0,2122,4450156544,1046128,7844,4294961948
0,2123,4452253696,1048131,24391,4294958752
0,2124,4454350848,1051247,2889,4294965573
0,2125,4456448000,1054817,7541,4294966015
0,2126,4458545152,1043173,19244,4294954634
0,2127,4460642304,1047733,14864,4294964789
0,2128,4462739456,1045853,31349,4294962475
0,2129,4464836608,1048484,2901,4294965956
0,2130,4466933760,1045657,23964,4294961031
0,2131,4469030912,1044474,13129,4294960005
0,2132,4471128064,1050688,3621,4294966104
0,2133,4473225216,1047964,3669,4294964648
0,2134,4475322368,1048032,44346,4294958249
0,2135,4477419520,1045797,15766,4294957848
0,2136,4479516672,1052566,4806,4294963911
0,2137,4481613824,1047784,3857,4294965932
0,2138,4483710976,1045113,10827,4294958181
0,2139,4485808128,1047290,5058,4294962395
0,2140,4487905280,1050411,6348,4294963025
0,2141,4490002432,1049867,3809,4294962165
0,2142,4492099584,1047492,18889,4294965388
0,2143,4494196736,1046478,23923,4294961586
0,2144,4496293888,1047239,10383,4294954817
0,2145,4498391040,1048928,11391,4294961134
0,2146,4500488192,1046893,26064,4294966927
0,2147,4502585344,1046180,11935,4294966903
0,2148,4504682496,1048151,7771,4294961600
0,2149,4506779648,1045773,26893,4294965876
0,2150,4508876800,1046434,10895,4294953876
0,2151,4510973952,1050659,19792,4294966149
0,2152,4513071104,1043538,4814,4294960712
0,2153,4515168256,1049629,26120,4294961626
0,2154,4517265408,1045934,20293,4294964268
0,2155,4519362560,1046272,7619,4294966740
0,2156,4521459712,1048700,26931,4294965017
0,2157,4523556864,1046505,7091,4294959117
0,2158,4525654016,1049125,23744,4294958010
0,2159,4527751168,1047170,7552,4294958265
0,2160,4529848320,1048258,27706,4294957170
0,2161,4531945472,1047482,27338,4294966322
0,2162,4534042624,1046149,27302,4294966418
0,2163,4536139776,1045557,28005,4294964553
0,2164,4538236928,1044345,6844,4294954114
0,2165,4540334080,1044635,60274,4294962372
0,2166,4542431232,1052647,19052,4294958332
0,2167,4544528384,1046371,22095,4294957434
0,2168,4546625536,1046999,7459,4294944416
0,2169,4548722688,1048525,5971,4294967060
0,2170,4550819840,1046263,22988,4294962614
0,2171,4552916992,1047898,15209,4294959697
0,2172,4555014144,1047170,28253,4294965042
0,2173,4557111296,1048384,42116,4294964921
0,2174,4559208448,1050048,11059,4294954380
0,2175,4561305600,1050801,11015,4294961140
0,2176,4563402752,1053465,274,4294965760
0,2177,4565499904,1049986,6801,4294965505
0,2178,4567597056,1049076,8844,4294957893
0,2179,4569694208,1049526,1810,4294966855
0,2180,4571791360,1046279,27501,4294964785
0,2181,4573888512,1048736,13125,4294958032
0,2182,4575985664,1047923,11931,4294966923
0,2183,4578082816,1048592,19048,4294962790
0,2184,4580179968,1064192,270,4294956479
0,2185,4582277120,1047871,20859,4294964219
0,2186,4584374272,1052447,396,4294963979
0,2187,4586471424,1053157,3750,4294964816
0,2188,4588568576,1046514,4365,4294965847
0,2189,4590665728,1047427,7056,4294950322
0,2190,4592762880,1046733,22147,4294960864
0,2191,4594860032,1049810,31959,4294956656
0,2192,4596957184,1050532,3614,4294961837
0,2193,4599054336,1047475,4874,4294963830
0,2194,4601151488,1051663,10806,4294957121
0,2195,4603248640,1047351,24153,4294966783
0,2196,4605345792,1048099,11114,4294965628
0,2197,4607442944,1045932,28992,4294964760
0,2198,4609540096,1045536,13248,4294965837
0,2199,4611637248,1049093,31736,4294964241
0,2200,4613734400,1049562,4614,4294964076
0,2201,4615831552,1051099,2870,4294965286
0,2202,4617928704,1061427,6534,4294965655
0,2203,4620025856,1053571,7662,4294965409
0,2204,4622123008,1047099,15387,4294965751
0,2205,4624220160,1050002,12363,4294961447
0,2206,4626317312,1046588,5483,4294966281
0,2207,4628414464,1047120,4491,4294966270
0,2208,4630511616,1052316,400,4294960949
0,2209,4632608768,1051244,6838,4294965382
0,2210,4634705920,1060049,892,4294965606
0,2211,4636803072,1049773,8071,4294956303
0,2212,4638900224,1047175,11484,4294957356
0,2213,4640997376,1047573,18315,4294964514
0,2214,4643094528,1048047,11151,4294939709
0,2215,4645191680,1047823,16257,4294965612
0,2216,4647288832,1052623,646,4294962767
0,2217,4649385984,1048700,13974,4294964662
0,2218,4651483136,1050685,8460,4294960578
0,2219,4653580288,1049544,3694,4294953969
0,2220,4655677440,1046804,7036,4294963983
0,2221,4657774592,1049049,1936,4294964479
0,2222,4659871744,1048003,20004,4294966933
0,2223,4661968896,1047160,2928,4294966291
0,2224,4664066048,1054319,6222,4294962899
0,2225,4666163200,1071344,16148,4294958805
0,2226,4668260352,1053141,20242,4294954778
0,2227,4670357504,1054157,16088,4294960898
0,2228,4672454656,1045025,21898,4294961822
0,2229,4674551808,1050129,3754,4294963584
0,2230,4676648960,1050844,14226,4294962839
0,2231,4678746112,1046955,20874,4294949875
0,2232,4680843264,1054430,6718,4294964777
0,2233,4682940416,1051091,36201,4294953719
0,2234,4685037568,1047582,14916,4294965907
0,2235,4687134720,1047709,3798,4294962139
0,2236,4689231872,1049233,20614,4294965724
0,2237,4691329024,1048255,19626,4294964959
0,2238,4693426176,1047931,12812,4294964820
0,2239,4695523328,1046305,26738,4294962282
0,2240,4697620480,1049527,4369,4294965856
0,2241,4699717632,1045762,11816,4294960779
0,2242,4701814784,1048240,9936,4294966010
0,2243,4703911936,1045262,23118,4294952129
0,2244,4706009088,1047657,4861,4294965266
0,2245,4708106240,1048592,7345,4294965601
0,2246,4710203392,1043345,19988,4294965851
0,2247,4712300544,1045526,43211,4294962564
0,2248,4714397696,1043992,7611,4294963402
0,2249,4716494848,1049472,7854,4294958823
0,2250,4718592000,1046410,28137,4294966597
0,2251,4720689152,1046655,32389,4294962248
0,2252,4722786304,1043958,30953,4294954462
0,2253,4724883456,1053595,13766,4294965585
0,2254,4726980608,1046378,6603,4294964685
0,2255,4729077760,1045822,10928,4294962580
0,2256,4731174912,1048544,7788,4294959430
0,2257,4733272064,1053435,28292,4294960588
0,2258,4735369216,1049595,13923,4294944861
0,2259,4737466368,1046540,12939,4294963461
0,2260,4739563520,1045875,14955,4294962273
0,2261,4741660672,1051130,9032,4294958378
0,2262,4743757824,1047070,24776,4294956088
0,2263,4745854976,1052426,10056,4294965685
0,2264,4747952128,1046610,8270,4294958217
0,2265,4750049280,1047844,27168,4294964349
0,2266,4752146432,1048251,15176,4294958622
0,2267,4754243584,1050521,6897,4294960654
0,2268,4756340736,1044979,50555,4294963837
0,2269,4758437888,1045272,27046,4294962929
0,2270,4760535040,1044736,38540,4294966329
0,2271,4762632192,1045896,5905,4294961896
0,2272,4764729344,1049841,8400,4294960518
0,2273,4766826496,1045953,52668,4294959999
0,2274,4768923648,1047629,29227,4294964810
0,2275,4771020800,1047397,15847,4294962086
0,2276,4773117952,1049953,13005,4294964589
0,2277,4775215104,1050355,12859,4294966476
0,2278,4777312256,1047652,31596,4294962449
0,2279,4779409408,1045336,43917,4294957216
0,2280,4781506560,1049200,6853,4294959922
0,2281,4783603712,1044167,15734,4294964904
0,2282,4785700864,1047025,14475,4294954205
0,2283,4787798016,1046863,12175,4294966045
0,2284,4789895168,1049524,31587,4294957587
0,2285,4791992320,1053391,7105,4294963527
0,2286,4794089472,1046988,43827,4294952709
0,2287,4796186624,1044637,11376,4294962180
0,2288,4798283776,1047211,23502,4294961858
0,2289,4800380928,1046057,15284,4294965259
0,2290,4802478080,1045502,8077,4294966730
0,2291,4804575232,1051131,3925,4294959621
0,2292,4806672384,1043382,46919,4294956882
0,2293,4808769536,1043997,15718,4294936352
0,2294,4810866688,1044604,23883,4294952085
0,2295,4812963840,1048543,19845,4294961693
0,2296,4815060992,1045821,26446,4294966634
0,2297,4817158144,1044900,24103,4294951625
0,2298,4819255296,1047683,11941,4294966909
0,2299,4821352448,1048462,11885,4294966034
0,2300,4823449600,1048623,13989,4294966519
0,2301,4825546752,1049576,11444,4294966135
0,2302,4827643904,1044955,13750,4294961322
0,2303,4829741056,1049033,14964,4294962744
0,2304,4831838208,1054848,2130,4294949790
0,2305,4833935360,1049596,5715,4294959181
0,2306,4836032512,1048226,39529,4294961841
0,2307,4838129664,1045025,3394,4294957933
0,2308,4840226816,1046594,39889,4294964145
0,2309,4842323968,1047401,29602,4294962206
0,2310,4844421120,1049195,7825,4294965922
0,2311,4846518272,1048297,20547,4294964595
0,2312,4848615424,1051831,15052,4294962891
0,2313,4850712576,1053393,2626,4294962004
0,2314,4852809728,1048099,2898,4294957845
0,2315,4854906880,1046776,10824,4294961583
0,2316,4857004032,1044173,34121,4294963407
0,2317,4859101184,1047522,7088,4294966737
0,2318,4861198336,1045924,40215,4294962524
0,2319,4863295488,1051477,23721,4294960728
0,2320,4865392640,1048816,19737,4294966804
0,2321,4867489792,1049808,4362,4294960861
0,2322,4869586944,1043955,23014,4294966780
0,2323,4871684096,1044795,7659,4294965172
0,2324,4873781248,1045832,20357,4294964332
0,2325,4875878400,1046469,14771,4294956786
0,2326,4877975552,1047960,14223,4294961819
0,2327,4880072704,1044919,56245,4294960845
0,2328,4882169856,1048074,4858,4294960776
0,2329,4884267008,1044444,19808,4294965582
0,2330,4886364160,1046746,11747,4294959427
0,2331,4888461312,1045522,5902,4294964346
0,2332,4890558464,1047831,43515,4294966473
0,2333,4892655616,1048698,27791,4294964901
0,2334,4894752768,1044665,28498,4294961690
0,2335,4896849920,1047279,11882,4294966031
0,2336,4898947072,1048412,10447,4294957930
0,2337,4901044224,1049992,10813,4294962366
0,2338,4903141376,1047055,48417,4294958828
0,2339,4905238528,1045424,46145,4294958145
0,2340,4907335680,1057309,10810,4294962363
0,2341,4909432832,1049682,23021,4294961198
0,2342,4911529984,1050662,10956,4294958795
0,2343,4913627136,1045093,23695,4294962684
0,2344,4915724288,1043898,31333,4294966511
0,2345,4917821440,1044138,28546,4294966160
0,2346,4919918592,1046562,27399,4294932589
0,2347,4922015744,1047083,11999,4294966979
0,2348,4924112896,1048708,30668,4294959758
0,2349,4926210048,1050562,10314,4294966991
0,2350,4928307200,1046416,14906,4294957554
0,2351,4930404352,1047833,11076,4294966459
0,2352,4932501504,1044845,23650,4294966405
0,2353,4934598656,1048916,10959,4294965993
0,2354,4936695808,1048989,19270,4294962226
0,2355,4938792960,1045745,54468,4294955867
0,2356,4940890112,1048801,28194,4294964742
0,2357,4942987264,1049429,10002,4294966787
0,2358,4945084416,1049230,11490,4294952805
0,2359,4947181568,1048909,44595,4294962546
0,2360,4949278720,1047358,19022,4294961038
0,2361,4951375872,1047679,26313,4294966607
0,2362,4953473024,1045984,23698,4294960493
0,2363,4955570176,1043286,40384,4294965940
0,2364,4957667328,1052020,7835,4294966076
0,2365,4959764480,1047858,27583,4294965974
0,2366,4961861632,1046683,13676,4294966113
0,2367,4963958784,1048051,47854,4294956752
0,2368,4966055936,1051018,6416,4294965887
0,2369,4968153088,1047053,12106,4294964520
0,2370,4970250240,1046182,7424,4294958396
0,2371,4972347392,1051068,38601,4294957049
0,2372,4974444544,1046819,18993,4294965362
0,2373,4976541696,1048276,7045,4294956960
0,2374,4978638848,1046890,7849,4294962924
0,2375,4980736000,1045977,39625,4294966514
0,2376,4982833152,1048286,28493,4294965917
0,2377,4984930304,1042748,54463,4294966602
0,2378,4987027456,1044036,42366,4294965882
0,2379,4989124608,1046339,11118,4294950198
0,2380,4991221760,1049470,20054,4294960563
0,2381,4993318912,1047718,6908,4294966163
0,2382,4995416064,1048304,28549,4294965062
0,2383,4997513216,1046848,6928,4294965632
0,2384,4999610368,1047139,40299,4294958020
0,2385,5001707520,1047856,13982,4294962241
0,2386,5003804672,1046300,47529,4294957234
0,2387,5005901824,1047998,27770,4294955845
0,2388,5007998976,1047961,43277,4294966386
0,2389,5010096128,1045622,28410,4294957275
0,2390,5012193280,1042869,15777,4294954145
0,2391,5014290432,1047674,27402,4294962630
0,2392,5016387584,1046030,6793,4294961972
0,2393,5018484736,1050755,6785,4294965051
0,2394,5020581888,1042858,42059,4294962881
0,2395,5022679040,1051886,3986,4294959682
0,2396,5024776192,1049375,12002,4294966982
0,2397,5026873344,1045936,24164,4294961168
0,2398,5028970496,1047981,40272,4294966482
0,2399,5031067648,1043552,27366,4294964764
0,2400,5033164800,1050586,14543,4294962253
0,2401,5035261952,1051860,12990,4294958259
0,2402,5037359104,1050866,16209,4294965841
0,2403,5039456256,1048850,31168,4294966129
0,2404,5041553408,1045572,30145,4294962678
0,2405,5043650560,1047282,24462,4294953780
0,2406,5045747712,1045901,23052,4294965200
0,2407,5047844864,1047114,12873,4294962026
0,2408,5049942016,1048855,10317,4294964540
0,2409,5052039168,1047389,22029,4294966994
0,2410,5054136320,1045539,11027,4294956190
0,2411,5056233472,1045316,7523,4294953504
0,2412,5058330624,1048499,7411,4294964912
0,2413,5060427776,1050990,6035,4294967124
0,2414,5062524928,1048272,38207,4294961224
0,2415,5064622080,1047052,35268,4294956835
0,2416,5066719232,1048788,15759,4294962858
0,2417,5068816384,1047351,14909,4294964985
0,2418,5070913536,1064412,39841,4294950374
0,2419,5073010688,1049573,24045,4294942573
0,2420,5075107840,1046882,27425,4294950440
0,2421,5077204992,1048478,15836,4294946364
0,2422,5079302144,1048098,14986,4294965030
0,2423,5081399296,1047557,15884,4294965106
0,2424,5083496448,1051061,31456,4294965716
0,2425,5085593600,1052055,4675,4294964032
0,2426,5087690752,1047575,19826,4294959562
0,2427,5089787904,1047540,24337,4294946016
0,2428,5091885056,1050354,27814,4294962758
0,2429,5093982208,1049201,44838,4294964357
0,2430,5096079360,1054111,4935,4294967050
0,2431,5098176512,1049022,22331,4294966462
0,2432,5100273664,1051733,2321,4294964080
0,2433,5102370816,1048922,2813,4294966648
0,2434,5104467968,1045937,11682,4294966408
0,2435,5106565120,1044929,7594,4294938869
0,2436,5108662272,1051771,18957,4294959810
0,2437,5110759424,1047482,19693,4294958245
0,2438,5112856576,1048642,10891,4294958763
0,2439,5114953728,1047563,28330,4294959693
0,2440,5117050880,1050866,15646,4294963975
0,2441,5119148032,1051524,4610,4294965651
0,2442,5121245184,1048872,8019,4294964475
0,2443,5123342336,1051259,12808,4294960915
0,2444,5125439488,1046857,22971,4294960147
0,2445,5127536640,1046161,15172,4294965297
0,2446,5129633792,1044883,54855,4294962176
0,2447,5131730944,1046698,3921,4294965996
0,2448,5133828096,1051668,2382,4294962520
0,2449,5135925248,1046914,19733,4294965578
0,2450,5138022400,1048821,26568,4294961616
0,2451,5140119552,1049667,14118,4294965290
0,2452,5142216704,1046667,6412,4294966550
0,2453,5144313856,1049040,15514,4294956638
0,2454,5146411008,1045441,6031,4294960758
0,2455,5148508160,1047958,27810,4294965026
0,2456,5150605312,1047159,2317,4294964560
0,2457,5152702464,1050187,2378,4294964495
0,2458,5154799616,1047837,22906,4294964499
0,2459,5156896768,1046153,18876,4294965452
0,2460,5158993920,1048969,12490,4294963150
0,2461,5161091072,1044899,19933,4294962719
0,2462,5163188224,1048016,2443,4294961650
0,2463,5165285376,1049029,11131,4294961677
0,2464,5167382528,1049959,12624,4294965791
0,2465,5169479680,1044777,6538,4294954397
0,2466,5171576832,1048364,19998,4294966264
0,2467,5173673984,1048583,28016,4294963396
0,2468,5175771136,1045812,11876,4294966070
0,2469,5177868288,1046598,15830,4294965194
0,2470,5179965440,1049075,12794,4294964745
0,2471,5182062592,1045913,14410,4294957912
0,2472,5184159744,1052488,6669,4294963519
0,2473,5186256896,1050282,3733,4294965659
0,2474,5188354048,1046437,10901,4294954188
0,2475,5190451200,1048582,10005,4294965317
0,2476,5192548352,1048535,3685,4294965782
0,2477,5194645504,1052215,13060,4294966790
0,2478,5196742656,1051511,13183,4294965563
0,2479,5198839808,1062945,4549,4294966216
0,2480,5200936960,1045179,13621,4294961800
0,2481,5203034112,1049762,13637,4294965456
0,2482,5205131264,1047238,6921,4294963854
0,2483,5207228416,1046012,11189,4294961708
0,2484,5209325568,1050164,2508,4294957719
0,2485,5211422720,1048848,7642,4294966020
0,2486,5213519872,1051941,2965,4294961715
0,2487,5215617024,1049938,3525,4294965413
0,2488,5217714176,1046799,12931,4294952679
0,2489,5219811328,1048977,4741,4294964098
0,2490,5221908480,1045493,39276,4294948372
0,2491,5224005632,1045452,15295,4294960069
0,2492,5226102784,1050432,4749,4294964203
0,2493,5228199936,1050261,13547,4294958465
0,2494,5230297088,1043990,27641,4294961742
0,2495,5232394240,1049628,10994,4294962549
0,2496,5234491392,1050817,6096,4294948707
0,2497,5236588544,1047842,14895,4294949001
0,2498,5238685696,1049328,7584,4294954871
0,2499,5240782848,1047019,31622,4294958487
0,2500,5242880000,1047340,16131,4294965755
0,2501,5244977152,1047201,16095,4294960823
0,2502,5247074304,1044755,13903,4294961041
0,2503,5249171456,1046301,47453,4294956867
0,2504,5251268608,1049075,12494,4294965167
0,2505,5253365760,1047903,13229,4294966155
0,2506,5255462912,1047779,55143,4294964612
0,2507,5257560064,1048338,54151,4294965711
0,2508,5259657216,1043597,26316,4294952670
0,2509,5261754368,1046978,50576,4294964690
0,2510,5263851520,1046995,27616,4294966610
0,2511,5265948672,1048730,15424,4294960618
0,2512,5268045824,1049324,12367,4294964428
0,2513,5270142976,1046236,15119,4294954198
0,2514,5272240128,1045894,24225,4294956183
0,2515,5274337280,1044802,23701,4294941958
0,2516,5276434432,1045825,15793,4294958435
0,2517,5278531584,1045730,47513,4294960496
0,2518,5280628736,1046518,15343,4294962824
0,2519,5282725888,1045670,13359,4294955906
0,2520,5284823040,1047474,6477,4294964368
0,2521,5286920192,1044914,7485,4294952170
0,2522,5289017344,1042847,53964,4294955818
0,2523,5291114496,1047927,23458,4294958292
0,2524,5293211648,1048861,19937,4294964892
0,2525,5295308800,1045149,27434,4294962723
0,2526,5297405952,1044999,28166,4294965943
0,2527,5299503104,1047057,23768,4294966663
0,2528,5301600256,1049569,2447,4294967184
0,2529,5303697408,1047239,3455,4294956250
0,2530,5305794560,1051052,5493,4294966285
0,2531,5307891712,1048346,7605,4294962738
0,2532,5309988864,1045774,7653,4294963468
0,2533,5312086016,1050004,3980,4294962585
0,2534,5314183168,1048533,2959,4294963957
0,2535,5316280320,1057469,2939,4294967110
0,2536,5318377472,1047703,11808,4294962941
0,2537,5320474624,1042602,56681,4294967116
0,2538,5322571776,1045391,19308,4294962690
0,2539,5324668928,1047075,10126,4294964794
0,2540,5326766080,1047422,3741,4294964853
0,2541,5328863232,1047704,14928,4294955874
0,2542,5330960384,1051504,19798,4294962071
0,2543,5333057536,1044563,31528,4294965977
0,2544,5335154688,1045072,4495,4294953563
0,2545,5337251840,1047713,20867,4294966274
0,2546,5339348992,1051014,19819,4294965355
0,2547,5341446144,1048113,15470,4294957905
0,2548,5343543296,1049594,23308,4294958055
0,2549,5345640448,1047833,19083,4294964865
0,2550,5347737600,1046943,7896,4294962349
0,2551,5349834752,1045364,11862,4294966528
0,2552,5351931904,1051842,2701,4294959819
0,2553,5354029056,1048610,2693,4294953311
0,2554,5356126208,1046933,6933,4294964405
0,2555,5358223360,1048107,7493,4294957376
0,2556,5360320512,1048109,27176,4294961681
0,2557,5362417664,1047356,43879,4294960936
0,2558,5364514816,1049136,10507,4294962488
0,2559,5366611968,1052776,10933,4294958713
0,2560,5368709120,1063315,148,4294967252
0,2561,5370806272,1049856,2771,4294961456
0,2562,5372903424,1051596,8958,4294962193
0,2563,5375000576,1049386,11620,4294953348
0,2564,5377097728,1047805,22897,4294961074
0,2565,5379194880,1050287,20364,4294960953
0,2566,5381292032,1051295,14739,4294959748
0,2567,5383389184,1050152,11331,4294965890
0,2568,5385486336,1049741,8334,4294964523
0,2569,5387583488,1046727,24037,4294939994
0,2570,5389680640,1048934,9074,4294960702
0,2571,5391777792,1046392,11358,4294958281
0,2572,5393874944,1047816,5300,4294962156
0,2573,5395972096,1049269,15584,4294946237
0,2574,5398069248,1048727,3628,4294965540
0,2575,5400166400,1051348,13730,4294962773
0,2576,5402263552,1049689,6542,4294964546
0,2577,5404360704,1044380,15727,4294962657
0,2578,5406457856,1048480,7427,4294964339
0,2579,5408555008,1048887,7539,4294948774
0,2580,5410652160,1043875,18306,4294961029
0,2581,5412749312,1047420,10835,4294937271
0,2582,5414846464,1048841,18627,4294963901
0,2583,5416943616,1048796,6346,4294965386
0,2584,5419040768,1046953,23581,4294966393
0,2585,5421137920,1046023,7769,4294966147
0,2586,5423235072,1044250,38604,4294960710
0,2587,5425332224,1046326,7550,4294954543
0,2588,5427429376,1046193,32376,4294957168
0,2589,5429526528,1050447,6842,4294954559
0,2590,5431623680,1045891,5969,4294961960
0,2591,5433720832,1047913,40083,4294965040
0,2592,5435817984,1049297,8592,4294957476
0,2593,5437915136,1044215,19046,4294962788
0,2594,5440012288,1053577,394,4294953333
0,2595,5442109440,1046471,7054,4294952079
0,2596,5444206592,1050231,5844,4294961835
0,2597,5446303744,1046135,11112,4294957811
0,2598,5448400896,1050693,3380,4294965365
0,2599,5450498048,1046102,10120,4294966268
0,2600,5452595200,1059660,890,4294956301
0,2601,5454692352,1048648,11482,4294965610
0,2602,5456789504,1051772,644,4294958442
0,2603,5458886656,1047376,1934,4294956889
0,2604,5460983808,1051708,20240,4294958156
0,2605,5463080960,1045425,15019,4294962337
0,2606,5465178112,1047148,6859,4294957567
0,2607,5467275264,1048946,26736,4294964957
0,2608,5469372416,1047528,11814,4294966008
0,2609,5471469568,1046271,19986,4294965132
0,2610,5473566720,1047426,7852,4294963400
0,2611,5475663872,1046432,13764,4294964683
0,2612,5477761024,1053588,36540,4294960586
0,2613,5479858176,1049568,14530,4294965683
0,2614,5481955328,1047398,28356,4294960652
0,2615,5484052480,1044830,60781,4294962927
0,2616,5486149632,1047430,15845,4294962084
0,2617,5488246784,1048091,13003,4294946163
0,2618,5490343936,1047459,6851,4294965961
0,2619,5492441088,1047706,7103,4294963525
0,2620,5494538240,1048661,8075,4294966728
0,2621,5496635392,1044974,19843,4294961352
0,2622,5498732544,1046219,39628,4294966632
0,2623,5500829696,1050129,11442,4294966517
0,2624,5502926848,1047396,4433,4294960743
0,2625,5505024000,1046230,20805,4294965920
0,2626,5507121152,1047621,15408,4294962889
0,2627,5509218304,1049734,39017,4294964941
0,2628,5511315456,1045025,13777,4294956604
0,2629,5513412608,1046817,14769,4294964330
0,2630,5515509760,1046983,24254,4294945038
0,2631,5517606912,1049000,11880,4294966029
0,2632,5519704064,1046175,10445,4294961234
0,2633,5521801216,1048450,11453,4294960234
0,2634,5523898368,1041478,27765,4294966509
0,2635,5525995520,1043875,23182,4294955971
0,2636,5528092672,1047676,30578,4294959805
0,2637,5530189824,1050731,10000,4294964668
0,2638,5532286976,1046298,32510,4294966605
0,2639,5534384128,1045571,23403,4294966111
0,2640,5536481280,1046936,12104,4294965885
0,2641,5538578432,1045159,22157,4294958411
0,2642,5540675584,1044859,42364,4294965915
0,2643,5542772736,1048525,20052,4294961632
0,2644,5544869888,1049157,13980,4294947595
0,2645,5546967040,1044665,43275,4294962628
0,2646,5549064192,1048281,18319,4294962879
0,2647,5551161344,1045100,40270,4294945009
0,2648,5553258496,1051738,12988,4294966127
0,2649,5555355648,1045809,30143,4294965198
0,2650,5557452800,1046733,21905,4294956188
0,2651,5559549952,1047488,7409,4294967122
0,2652,5561647104,1047924,39839,4294950201
0,2653,5563744256,1045509,15834,4294947303
0,2654,5565841408,1047276,4925,4294965330
0,2655,5567938560,1053004,5425,4294967048
0,2656,5570035712,1049581,12432,4294966358
0,2657,5572132864,1051741,27688,4294958243
0,2658,5574230016,1053589,12798,4294965649
0,2659,5576327168,1046859,20057,4294962174
0,2660,5578424320,1048946,39539,4294956318
0,2661,5580521472,1043731,40043,4294966548
0,2662,5582618624,1046227,27945,4294964493
0,2663,5584715776,1047535,23985,4294955334
0,2664,5586812928,1046316,13134,4294966262
0,2665,5588910080,1046483,15828,4294945156
0,2666,5591007232,1048738,6659,4294960882
0,2667,5593104384,1049419,14665,4294966166
0,2668,5595201536,1045408,6919,4294960457
0,2669,5597298688,1049274,2995,4294962644
0,2670,5599395840,1044663,27559,4294960067
0,2671,5601492992,1044677,10992,4294950072
0,2672,5603590144,1048732,14414,4294945087
0,2673,5605687296,1046313,47451,4294962312
0,2674,5607784448,1046197,26988,4294960107
0,2675,5609881600,1046069,15422,4294961494
0,2676,5611978752,1044448,15673,4294954196
0,2677,5614075904,1042032,40686,4294956121
0,2678,5616173056,1046766,28201,4294964366
0,2679,5618270208,1047020,23766,4294966661
0,2680,5620367360,1045413,7699,4294964970
0,2681,5622464512,1045936,7651,4294965635
0,2682,5624561664,1044080,11806,4294962871
0,2683,5626658816,1045743,3739,4294961878
0,2684,5628755968,1047195,24453,4294957903
0,2685,5630853120,1048638,7906,4294964830
0,2686,5632950272,1046809,6931,4294957374
0,2687,5635047424,1049234,23706,4294960934
0,2688,5637144576,1054937,146,4294962191
0,2689,5639241728,1051628,22529,4294963591
0,2690,5641338880,1053332,8332,4294960700
0,2691,5643436032,1050503,3626,4294962771
0,2692,5645533184,1046417,15725,4294958023
0,2693,5647630336,1046701,31651,4294960265
0,2694,5649727488,1046839,28478,4294966391
0,2695,5651824640,1046054,42112,4294961958
0,2696,5653921792,1049150,8840,4294956104
0,2697,5656018944,1048399,11110,4294953447
0,2698,5658116096,1050257,642,4294958440
0,2699,5660213248,1049831,15017,4294962335
0,2700,5662310400,1043336,55495,4294962244
0,2701,5664407552,1048629,28354,4294960584
0,2702,5666504704,1044860,13001,4294963523
0,2703,5668601856,1046428,11440,4294942592
0,2704,5670699008,1047891,12239,4294964939
0,2705,5672796160,1044276,13775,4294966027
0,2706,5674893312,1043248,23180,4294960232
0,2707,5676990464,1048721,9998,4294966109
0,2708,5679087616,1046562,19565,4294954036
0,2709,5681184768,1047665,13978,4294948743
0,2710,5683281920,1050542,12986,4294965663
0,2711,5685379072,1047420,39365,4294965328
0,2712,5687476224,1053653,24268,4294958041
0,2713,5689573376,1047510,23983,4294955848
0,2714,5691670528,1048106,6657,4294964716
0,2715,5693767680,1046626,6917,4294960065
0,2716,5695864832,1047692,14778,4294961492
0,2717,5697961984,1046518,46347,4294966659
0,2718,5700059136,1046137,3737,4294964968
0,2719,5702156288,1049089,22801,4294960932
0,2720,5704253440,1056539,8330,4294962152
0,2721,5706350592,1045420,28476,4294966389
0,2722,5708447744,1051237,8830,4294946109
0,2723,5710544896,1043329,15913,4294960582
0,2724,5712642048,1042128,15545,4294964937
0,2725,5714739200,1047095,14537,4294956795
0,2726,5716836352,1048774,28324,4294960063
0,2727,5718933504,1044417,47909,4294961874
0,2728,5721030656,1049498,8828,4294962150
0,2729,5723127808,1046028,47907,4294958787
0,2730,5725224960,1059929,8826,4294948155
0,2731,5727322112,1050061,8889,4294964872
0,2732,5729419264,1048528,9037,4294948220
0,2733,5731516416,1048294,8891,4294957278
0,2734,5733613568,1046809,12921,4294964874
0,2735,5735710720,1051673,47518,4294958383
0,2736,5737807872,1050778,8527,4294953268
0,2737,5739905024,1053821,8393,4294962215
0,2738,5742002176,1044853,15780,4294966452
0,2739,5744099328,1042780,27634,4294962513
0,2740,5746196480,1043984,28415,4294960645
0,2741,5748293632,1046337,15976,4294965321
0,2742,5750390784,1050000,8893,4294960888
0,2743,5752487936,1047939,9885,4294950426
0,2744,5754585088,1047864,13915,4294965820
0,2745,5756682240,1049596,12923,4294926884
0,2746,5758779392,1041939,32445,4294966540
0,2747,5760876544,1047357,35146,4294964876
0,2748,5762973696,1049427,6594,4294964653
0,2749,5765070848,1049320,29709,4294960501
0,2750,5767168000,1048975,14792,4294965000
0,2751,5769265152,1047774,3674,4294962806
0,2752,5771362304,1050130,209,4294961975
0,2753,5773459456,1050180,9019,4294962599
0,2754,5775556608,1045726,31662,4294964158
0,2755,5777653760,1044559,21960,4294958005
0,2756,5779750912,1049324,6796,4294964755
0,2757,5781848064,1052335,3689,4294962834
0,2758,5783945216,1052457,9519,4294960530
0,2759,5786042368,1052280,8395,4294961418
0,2760,5788139520,1044396,19780,4294957260
0,2761,5790236672,1044179,14978,4294966454
0,2762,5792333824,1048411,6788,4294964839
0,2763,5794430976,1046799,15782,4294962021
0,2764,5796528128,1046614,28072,4294964620
0,2765,5798625280,1044718,20676,4294965786
0,2766,5800722432,1046494,29514,4294958086
0,2767,5802819584,1043270,56676,4294940658
0,2768,5804916736,1046218,23518,4294961069
0,2769,5807013888,1049192,40632,4294966675
0,2770,5809111040,1045115,39653,4294962884
0,2771,5811208192,1044279,23301,4294966353
0,2772,5813305344,1044801,27681,4294965323
0,2773,5815402496,1048053,13064,4294943864
0,2774,5817499648,1046114,15978,4294964483
0,2775,5819596800,1047733,11503,4294964724
0,2776,5821693952,1050959,15080,4294961011
0,2777,5823791104,1051051,22728,4294965444
0,2778,5825888256,1050984,705,4294953146
0,2779,5827985408,1052056,965,4294944333
0,2780,5830082560,1049703,8141,4294954350
0,2781,5832179712,1047765,23974,4294959889
0,2782,5834276864,1049013,15521,4294966794
0,2783,5836374016,1048240,11173,4294960420
0,2784,5838471168,1048679,12041,4294965822
0,2785,5840568320,1048039,11053,4294966098
0,2786,5842665472,1048256,11949,4294966917
0,2787,5844762624,1048000,13917,4294948610
0,2788,5846859776,1050630,11993,4294966985
0,2789,5848956928,1049897,15771,4294961993
0,2790,5851054080,1047545,12925,4294966064
0,2791,5853151232,1048631,29295,4294964847
0,2792,5855248384,1048363,29637,4294966722
0,2793,5857345536,1043585,32447,4294966542
0,2794,5859442688,1046247,14841,4294966446
0,2795,5861539840,1050788,26510,4294962301
0,2796,5863636992,1046050,20008,4294964878
0,2797,5865734144,1046988,44675,4294962635
0,2798,5867831296,1047887,21913,4294956541
0,2799,5869928448,1049258,20921,4294964281
0,2800,5872025600,1050844,12559,4294966199
0,2801,5874122752,1060170,6596,4294965594
0,2802,5876219904,1045124,15230,4294964138
0,2803,5878317056,1052161,2932,4294965348
0,2804,5880414208,1050619,12425,4294953544
0,2805,5882511360,1051021,14041,4294966485
0,2806,5884608512,1046493,5545,4294966583
0,2807,5886705664,1049358,4553,4294965232
0,2808,5888802816,1045042,12302,4294961386
0,2809,5890899968,1045200,27369,4294965002
0,2810,5892997120,1047206,26251,4294960553
0,2811,5895094272,1048142,14794,4294965690
0,2812,5897191424,1048479,3676,4294964729
0,2813,5899288576,1046898,15028,4294966220
0,2814,5901385728,1047557,23207,4294966051
0,2815,5903482880,1048434,27124,4294958854
0,2816,5905580032,1058394,211,4294953886
0,2817,5907677184,1052212,1747,4294957830
0,2818,5909774336,1048498,20226,4294962903
0,2819,5911871488,1047062,17938,4294962403
0,2820,5913968640,1047629,15217,4294955997
0,2821,5916065792,1045687,14993,4294954092
0,2822,5918162944,1050009,11251,4294962256
0,2823,5920260096,1050971,9021,4294963916
0,2824,5922357248,1046723,15276,4294954572
0,2825,5924454400,1048523,14802,4294961945
0,2826,5926551552,1049773,12231,4294965953
0,2827,5928648704,1051805,3806,4294964160
0,2828,5930745856,1046800,13609,4294961016
0,2829,5932843008,1046872,4811,4294958262
0,2830,5934940160,1046306,43684,4294961886
0,2831,5937037312,1044553,21962,4294964918
0,2832,5939134464,1052134,6286,4294962963
0,2833,5941231616,1051569,3747,4294965844
0,2834,5943328768,1049695,10803,4294964757
0,2835,5945425920,1050231,12617,4294965460
0,2836,5947523072,1049156,16212,4294950748
0,2837,5949620224,1049661,3691,4294961759
0,2838,5951717376,1072977,16085,4294962836
0,2839,5953814528,1054526,3795,4294962136
0,2840,5955911680,1048914,11421,4294958339
0,2841,5958008832,1048921,20014,4294960532
0,2842,5960105984,1050968,10013,4294957593
0,2843,5962203136,1050654,9137,4294962846
0,2844,5964300288,1048546,8397,4294964586
0,2845,5966397440,1050595,9389,4294966042
0,2846,5968494592,1046516,20306,4294961420
0,2847,5970591744,1049249,27718,4294966132
0,2848,5972688896,1046213,10191,4294962203
0,2849,5974786048,1049048,3862,4294957262
0,2850,5976883200,1046680,19782,4294957115
0,2851,5978980352,1044372,22926,4294960773
0,2852,5981077504,1045840,10953,4294962681
0,2853,5983174656,1047707,14980,4294966456
0,2854,5985271808,1046471,26383,4294962543
0,2855,5987368960,1048423,27610,4294965971
0,2856,5989466112,1054260,7042,4294954763
0,2857,5991563264,1046700,6905,4294953096
0,2858,5993660416,1045341,61246,4294957231
0,2859,5995757568,1048923,6782,4294964841
0,2860,5997854720,1048357,15784,4294962023
0,2861,5999951872,1046774,24465,4294964537
0,2862,6002049024,1049395,40146,4294957206
0,2863,6004146176,1050603,40156,4294964354
0,2864,6006243328,1048768,11679,4294959690
0,2865,6008340480,1048871,26831,4294960983
0,2866,6010437632,1050163,6409,4294965023
0,2867,6012534784,1050119,18873,4294965449
0,2868,6014631936,1045776,11873,4294965788
0,2869,6016729088,1048415,22202,4294965203
0,2870,6018826240,1044379,2505,4294961712
0,2871,6020923392,1047618,11193,4294962097
0,2872,6023020544,1047510,6093,4294951899
0,2873,6025117696,1046792,27872,4294965708
0,2874,6027214848,1047942,12876,4294956531
0,2875,6029312000,1043965,19682,4294958289
0,2876,6031409152,1046692,35717,4294967181
0,2877,6033506304,1044200,52589,4294962938
0,2878,6035603456,1045488,38796,4294962346
0,2879,6037700608,1045284,7490,4294964402
0,2880,6039797760,1051697,2000,4294967249
0,2881,6041894912,1045914,11697,4294958627
0,2882,6043992064,1050577,7536,4294964543
0,2883,6046089216,1045921,7766,4294966144
0,2884,6048186368,1049560,22225,4294955521
0,2885,6050283520,1049048,14593,4294964954
0,2886,6052380672,1048739,54671,4294961563
0,2887,6054477824,1044752,7100,4294966677
0,2888,6056574976,1046681,20068,4294962886
0,2889,6058672128,1047272,27762,4294958479
0,2890,6060769280,1047774,50060,4294956955
0,2891,6062866432,1048757,21902,4294966997
0,2892,6064963584,1045554,15641,4294966355
0,2893,6067060736,1045497,2992,4294966259
0,2894,6069157888,1046043,30092,4294962309
0,2895,6071255040,1047233,7903,4294957371
0,2896,6073352192,1049401,16017,4294965869
0,2897,6075449344,1045559,36194,4294962332
0,2898,6077546496,1047325,24080,4294966024
0,2899,6079643648,1047189,3758,4294961489
0,2900,6081740800,1050000,15542,4294958186
0,2901,6083837952,1052294,9878,4294962147
0,2902,6085935104,1047751,8524,4294960642
0,2903,6088032256,1043876,13066,4294962803
0,2904,6090129408,1050368,718,4294962831
0,2905,6092226560,1045193,42172,4294957711
0,2906,6094323712,1046819,11500,4294966350
0,2907,6096420864,1051683,710,4294953507
0,2908,6098518016,1047738,24328,4294948607
0,2909,6100615168,1047728,14838,4294964278
0,2910,6102712320,1053152,5558,4294966580
0,2911,6104809472,1047125,15025,4294964726
0,2912,6106906624,1051625,464,4294962400
0,2913,6109003776,1046521,5052,4294964915
0,2914,6111100928,1052111,12614,4294962133
0,2915,6113198080,1051055,20303,4294962843
0,2916,6115295232,1048375,7082,4294956447
0,2917,6117392384,1048525,6902,4294954760
0,2918,6119489536,1052747,2502,4294965446
0,2919,6121586688,1048351,6090,4294967178
0,2920,6123683840,1047725,1997,4294952367
0,2921,6125780992,1049782,2989,4294952354
0,2922,6127878144,1054138,8521,4294956367
0,2923,6129975296,1051811,707,4294958505
0,2924,6132072448,1055175,973,4294967175
0,2925,6134169600,1076488,953,4294967172
0,2926,6136266752,1053818,1462,4294965673
0,2927,6138363904,1050346,3004,4294950402
0,2928,6140461056,1047952,8143,4294954352
0,2929,6142558208,1050241,8905,4294966590
0,2930,6144655360,1048056,19109,4294962356
0,2931,6146752512,1048376,4734,4294954691
0,2932,6148849664,1046257,4045,4294965676
0,2933,6150946816,1046799,23976,4294960659
0,2934,6153043968,1051508,457,4294948943
0,2935,6155141120,1053471,16825,4294965417
0,2936,6157238272,1050933,4238,4294965428
0,2937,6159335424,1046569,3443,4294966796
0,2938,6161432576,1047612,2763,4294947587
0,2939,6163529728,1049727,2755,4294964578
0,2940,6165626880,1048810,43941,4294956647
0,2941,6167724032,1046064,11175,4294960422
0,2942,6169821184,1046423,10569,4294963533
0,2943,6171918336,1047226,11577,4294958775
0,2944,6174015488,1053110,338,4294965824
0,2945,6176112640,1049793,7361,4294962414
0,2946,6178209792,1049982,8009,4294962861
0,2947,6180306944,1050070,830,4294956897
0,2948,6182404096,1045749,6865,4294965569
0,2949,6184501248,1048743,11089,4294966100
0,2950,6186598400,1045218,23337,4294960970
0,2951,6188695552,1045043,11055,4294954355
0,2952,6190792704,1049246,11927,4294966919
0,2953,6192889856,1049435,2866,4294966229
0,2954,6194987008,1050698,1874,4294960945
0,2955,6197084160,1051658,6722,4294964988
0,2956,6199181312,1048681,9932,4294966593
0,2957,6201278464,1049410,12935,4294957957
0,2958,6203375616,1047698,8908,4294957212
0,2959,6205472768,1045797,15714,4294952265
0,2960,6207569920,1050713,27739,4294965077
0,2961,6209667072,1047129,19804,4294964897
0,2962,6211764224,1049625,11995,4294966987
0,2963,6213861376,1051359,19852,4294955899
0,2964,6215958528,1047861,15821,4294962920
0,2965,6218055680,1050122,15773,4294964930
0,2966,6220152832,1052126,22415,4294945858
0,2967,6222249984,1063518,24333,4294962854
0,2968,6224347136,1046454,23373,4294951117
0,2969,6226444288,1049552,18120,4294955913
0,2970,6228541440,1050330,36598,4294966066
0,2971,6230638592,1054902,4737,4294963850
0,2972,6232735744,1048242,27565,4294958120
0,2973,6234832896,1045029,39696,4294945967
0,2974,6236930048,1049695,4997,4294964849
0,2975,6239027200,1048704,40065,4294949813
0,2976,6241124352,1047104,4048,4294959744
0,2977,6243221504,1045286,7453,4294962653
0,2978,6245318656,1049266,21712,4294952931
0,2979,6247415808,1049899,13744,4294966724
0,2980,6249512960,1045420,4429,4294961230
0,2981,6251610112,1046422,5421,4294966123
0,2982,6253707264,1046281,44356,4294966544
0,2983,6255804416,1043951,23750,4294955625
0,2984,6257901568,1047501,15839,4294960307
0,2985,6259998720,1046309,14843,4294960928
0,2986,6262095872,1045145,28320,4294960259
0,2987,6264193024,1045843,40014,4294966448
0,2988,6266290176,1046585,20932,4294958082
0,2989,6268387328,1051993,26512,4294962303
0,2990,6270484480,1050916,47607,4294957062
0,2991,6272581632,1047372,27051,4294966339
0,2992,6274678784,1048732,3802,4294961941
0,2993,6276775936,1046259,17994,4294958513
0,2994,6278873088,1050111,18986,4294962728
0,2995,6280970240,1044817,11869,4294964880
0,2996,6283067392,1046869,3484,4294965033
0,2997,6285164544,1050026,9148,4294962143
0,2998,6287261696,1048916,460,4294965698
0,2999,6289358848,1049086,7714,4294965424
0,3000,6291456000,1048392,334,4294951691
0,3001,6293553152,1051842,18116,4294938377
0,3002,6295650304,1046729,20797,4294965109
0,3003,6297747456,1064851,16702,4294965420
0,3004,6299844608,1046845,6994,4294964283
0,3005,6301941760,1046913,20923,4294962498
0,3006,6304038912,1050749,22085,4294962383
0,3007,6306136064,1045940,48704,4294956261
0,3008,6308233216,1050347,4241,4294965728
0,3009,6310330368,1049228,5777,4294966201
0,3010,6312427520,1046883,14347,4294955656
0,3011,6314524672,1049177,26059,4294964263
0,3012,6316621824,1063608,4486,4294965623
0,3013,6318718976,1050643,20609,4294965719
0,3014,6320816128,1050337,6598,4294965596
0,3015,6322913280,1048527,13846,4294965254
0,3016,6325010432,1045870,4686,4294966799
0,3017,6327107584,1046915,27578,4294942381
0,3018,6329204736,1045790,15232,4294954447
0,3019,6331301888,1048800,4678,4294964035
0,3020,6333399040,1047838,3446,4294964470
0,3021,6335496192,1047341,11184,4294965393
0,3022,6337593344,1049336,7579,4294958300
0,3023,6339690496,1051780,2934,4294965350
0,3024,6341787648,1049398,2254,4294949624
0,3025,6343884800,1049952,31979,4294959565
0,3026,6345981952,1050784,13419,4294953754
0,3027,6348079104,1046605,12427,4294961511
0,3028,6350176256,1045957,27853,4294964963
0,3029,6352273408,1046145,15451,4294966535
0,3030,6354370560,1049697,14043,4294961752
0,3031,6356467712,1049322,13551,4294965227
0,3032,6358564864,1047290,18894,4294965948
0,3033,6360662016,1048301,10186,4294958700
0,3034,6362759168,1044834,7531,4294966345
0,3035,6364856320,1049835,2750,4294966585
0,3036,6366953472,1048275,7956,4294966866
0,3037,6369050624,1046630,4555,4294966334
0,3038,6371147776,1044129,7721,4294965234
0,3039,6373244928,1045107,47377,4294966842
0,3040,6375342080,1050273,12304,4294961388
0,3041,6377439232,1045052,22089,4294960806
0,3042,6379536384,1047954,13296,4294965983
0,3043,6381633536,1045369,43205,4294960433
0,3044,6383730688,1046821,27892,4294965004
0,3045,6385827840,1047494,27371,4294948828
0,3046,6387924992,1045468,31800,4294964305
0,3047,6390022144,1048520,43613,4294962065
0,3048,6392119296,1045120,26253,4294962387
0,3049,6394216448,1045768,27553,4294964824
0,3050,6396313600,1047304,46537,4294962507
0,3051,6398410752,1046817,13166,4294966092
0,3052,6400507904,1047529,14796,4294959937
0,3053,6402605056,1050172,14832,4294946220
0,3054,6404702208,1047391,32428,4294965692
0,3055,6406799360,1047433,11178,4294961746
0,3056,6408896512,1046980,11551,4294967053
0,3057,6410993664,1046618,10063,4294964731
0,3058,6413090816,1049552,27080,4294960404
0,3059,6415187968,1048871,3678,4294963536
0,3060,6417285120,1050836,4938,4294967041
0,3061,6419382272,1047682,28469,4294966668
0,3062,6421479424,1045620,11200,4294954370
0,3063,6423576576,1045508,5430,4294966222
0,3064,6425673728,1047472,23245,4294966847
0,3065,6427770880,1046066,23209,4294966465
0,3066,6429868032,1045000,11580,4294956969
0,3067,6431965184,1045480,40006,4294966572
0,3068,6434062336,1050829,10998,4294958172
0,3069,6436159488,1046205,23928,4294958778
0,3070,6438256640,1048656,47794,4294961260
0,3071,6440353792,1056516,10870,4294962425
0,3072,6442450944,1071030,85,4294967189
0,3073,6444548096,1055408,1205,4294946978
0,3074,6446645248,1049779,3332,4294965827
0,3075,6448742400,1051119,22834,4294961779
0,3076,6450839552,1053519,1749,4294965477
0,3077,6452936704,1052367,2741,4294965860
0,3078,6455033856,1046740,9669,4294964460
0,3079,6457131008,1047061,9653,4294957832
0,3080,6459228160,1048349,32313,4294962462
0,3081,6461325312,1050575,32265,4294964977
0,3082,6463422464,1045936,7026,4294966651
0,3083,6465519616,1046859,7706,4294966084
0,3084,6467616768,1056509,2564,4294961151
0,3085,6469713920,1049105,15664,4294962405
0,3086,6471811072,1047787,2836,4294957783
0,3087,6473908224,1048418,10762,4294961521
0,3088,6476005376,1046966,15806,4294966411
0,3089,6478102528,1046551,38272,4294960571
0,3090,6480199680,1046624,11820,4294961864
0,3091,6482296832,1047416,8012,4294966641
0,3092,6484393984,1046823,30331,4294962864
0,3093,6486491136,1050288,11685,4294960523
0,3094,6488588288,1049695,4796,4294949108
0,3095,6490685440,1047945,13701,4294965520
0,3096,6492782592,1045326,5781,4294962258
0,3097,6494879744,1049023,3317,4294966205
0,3098,6496976896,1051595,4300,4294956418
0,3099,6499074048,1046206,8779,4294951882
0,3100,6501171200,1050561,581,4294963918
0,3101,6503268352,1051838,841,4294957291
0,3102,6505365504,1048028,14161,4294948362
0,3103,6507462656,1046231,43806,4294962603
0,3104,6509559808,1047791,14351,4294960133
0,3105,6511656960,1045355,15359,4294954108
0,3106,6513754112,1046834,19704,4294965553
0,3107,6515851264,1045692,15278,4294956058
0,3108,6517948416,1049689,6868,4294954875
0,3109,6520045568,1048204,7843,4294961947
0,3110,6522142720,1051541,7588,4294966014
0,3111,6524239872,1045618,14863,4294959813
0,3112,6526337024,1048960,3460,4294965955
0,3113,6528434176,1044618,39833,4294960004
0,3114,6530531328,1049658,9940,4294966103
0,3115,6532628480,1046193,15765,4294958248
0,3116,6534725632,1051762,3856,4294965931
0,3117,6536822784,1045188,5057,4294958180
0,3118,6538919936,1051943,3808,4294962164
0,3119,6541017088,1046817,23922,4294964162
0,3120,6543114240,1049860,10382,4294958730
0,3121,6545211392,1046816,26063,4294961018
0,3122,6547308544,1048505,13611,4294960973
0,3123,6549405696,1050520,10894,4294964605
0,3124,6551502848,1047324,4813,4294953117
0,3125,6553600000,1046821,15250,4294964267
0,3126,6555697152,1047083,32110,4294956524
0,3127,6557794304,1049841,23656,4294958264
0,3128,6559891456,1048757,27337,4294961888
0,3129,6561988608,1045946,28333,4294962816
0,3130,6564085760,1043561,56373,4294953521
0,3131,6566182912,1046546,22094,4294954683
0,3132,6568280064,1048758,10252,4294967059
0,3133,6570377216,1046581,15208,4294962613
0,3134,6572474368,1046524,30919,4294964920
0,3135,6574571520,1049556,11014,4294961139
0,3136,6576668672,1051745,6288,4294965759
0,3137,6578765824,1049103,15649,4294966854
0,3138,6580862976,1047720,13124,4294964784
0,3139,6582960128,1051018,11930,4294966922
0,3140,6585057280,1049104,20858,4294964218
0,3141,6587154432,1050970,3749,4294964815
0,3142,6589251584,1046411,28090,4294965846
0,3143,6591348736,1050017,22146,4294956655
0,3144,6593445888,1050972,3613,4294963829
0,3145,6595543040,1049206,10805,4294966400
0,3146,6597640192,1049438,14731,4294965627
0,3147,6599737344,1047811,13247,4294964240
0,3148,6601834496,1053073,2869,4294965285
0,3149,6603931648,1062752,6533,4294965654
0,3150,6606028800,1051918,12362,4294965162
0,3151,6608125952,1048792,4490,4294966280
0,3152,6610223104,1050886,7349,4294965381
0,3153,6612320256,1051804,1877,4294965605
0,3154,6614417408,1049604,35206,4294964513
0,3155,6616514560,1046676,11150,4294959826
0,3156,6618611712,1048138,14013,4294964661
0,3157,6620708864,1049524,3693,4294952326
0,3158,6622806016,1048948,40569,4294964478
0,3159,6624903168,1045931,23238,4294966932
0,3160,6627000320,1072346,6733,4294958804
0,3161,6629097472,1056219,16087,4294960897
0,3162,6631194624,1048538,19637,4294963583
0,3163,6633291776,1051354,16274,4294962838
0,3164,6635388928,1054829,6725,4294964776
0,3165,6637486080,1048268,3797,4294965906
0,3166,6639583232,1048228,19865,4294965723
0,3167,6641680384,1047635,12811,4294958224
0,3168,6643777536,1047425,12688,4294965855
0,3169,6645874688,1046410,9935,4294952128
0,3170,6647971840,1047467,40520,4294965600
0,3171,6650068992,1044535,43210,4294958346
0,3172,6652166144,1047747,7610,4294961813
0,3173,6654263296,1047443,28487,4294966596
0,3174,6656360448,1051797,19992,4294954461
0,3175,6658457600,1045058,6602,4294961572
0,3176,6660554752,1049024,7787,4294958351
0,3177,6662651904,1046444,12938,4294963460
0,3178,6664749056,1049559,9031,4294962272
0,3179,6666846208,1050544,10055,4294965300
0,3180,6668943360,1049131,8269,4294962091
0,3181,6671040512,1050354,9139,4294958621
0,3182,6673137664,1043455,27045,4294962848
0,3183,6675234816,1047952,38539,4294966328
0,3184,6677331968,1048754,8399,4294960517
0,3185,6679429120,1047636,25133,4294964809
0,3186,6681526272,1050719,12858,4294964588
0,3187,6683623424,1046404,31595,4294957215
0,3188,6685720576,1045289,28261,4294957976
0,3189,6687817728,1045187,12174,4294966044
0,3190,6689914880,1052603,9391,4294957586
0,3191,6692012032,1047143,11375,4294962179
0,3192,6694109184,1044188,23501,4294965258
0,3193,6696206336,1048293,3924,4294959620
0,3194,6698303488,1043559,15717,4294956881
0,3195,6700400640,1046972,20112,4294960465
0,3196,6702497792,1044206,24102,4294956619
0,3197,6704594944,1049509,11940,4294966908
0,3198,6706692096,1048340,30638,4294966134
0,3199,6708789248,1047190,23142,4294962743
0,3200,6710886400,1051105,2385,4294959180
0,3201,6712983552,1045920,3393,4294955593
0,3202,6715080704,1047375,29601,4294964144
0,3203,6717177856,1050117,7824,4294965095
0,3204,6719275008,1052114,2877,4294949573
0,3205,6721372160,1048732,2897,4294961582
0,3206,6723469312,1044632,7087,4294966736
0,3207,6725566464,1045484,39847,4294962523
0,3208,6727663616,1050851,19736,4294966803
0,3209,6729760768,1042653,7658,4294966779
0,3210,6731857920,1044977,15949,4294953965
0,3211,6733955072,1047274,36656,4294961818
0,3212,6736052224,1044718,19807,4294965581
0,3213,6738149376,1046355,11746,4294959426
0,3214,6740246528,1046733,27790,4294966472
0,3215,6742343680,1045799,26183,4294961689
0,3216,6744440832,1048912,23717,4294961619
0,3217,6746537984,1046531,46144,4294958827
0,3218,6748635136,1048862,23801,4294962362
0,3219,6750732288,1046717,10955,4294962683
0,3220,6752829440,1045246,28545,4294966159
0,3221,6754926592,1048566,11998,4294966978
0,3222,6757023744,1047321,15901,4294966990
0,3223,6759120896,1048856,14982,4294966458
0,3224,6761218048,1046139,19757,4294965293
0,3225,6763315200,1046757,84323,4294957792
0,3226,6765412352,1048483,13233,4294966212
0,3227,6767509504,1047173,13617,4294962545
0,3228,6769606656,1048983,19021,4294962232
0,3229,6771703808,1044533,27490,4294965939
0,3230,6773800960,1052062,7834,4294965973
0,3231,6775898112,1049055,19815,4294964861
0,3232,6777995264,1049525,6415,4294950268
0,3233,6780092416,1052257,7423,4294958395
0,3234,6782189568,1049477,7044,4294965361
0,3235,6784286720,1047024,53902,4294962923
0,3236,6786383872,1046522,28492,4294966601
0,3237,6788481024,1045260,27966,4294965881
0,3238,6790578176,1049532,6907,4294953098
0,3239,6792675328,1048102,6927,4294960211
0,3240,6794772480,1047897,44060,4294962240
0,3241,6796869632,1046934,47528,4294957233
0,3242,6798966784,1045219,43693,4294966385
0,3243,6801063936,1045046,15776,4294958848
0,3244,6803161088,1050062,6784,4294965050
0,3245,6805258240,1047242,3985,4294962590
0,3246,6807355392,1048523,24163,4294966060
0,3247,6809452544,1046203,27365,4294966481
0,3248,6811549696,1050537,18127,4294962252
0,3249,6813646848,1049946,32417,4294960761
0,3250,6815744000,1047858,24461,4294935760
0,3251,6817841152,1047672,12872,4294962025
0,3252,6819938304,1045776,27841,4294964539
0,3253,6822035456,1045768,7522,4294953785
0,3254,6824132608,1049177,6034,4294952620
0,3255,6826229760,1048423,35267,4294956834
0,3256,6828326912,1050575,15710,4294962857
0,3257,6830424064,1062437,42179,4294948795
0,3258,6832521216,1049406,27424,4294950439
0,3259,6834618368,1049560,27919,4294965105
0,3260,6836715520,1055912,4674,4294965715
0,3261,6838812672,1047381,19825,4294950778
0,3262,6840909824,1049899,27813,4294964356
0,3263,6843006976,1052261,4934,4294960293
0,3264,6845104128,1049600,2320,4294962458
0,3265,6847201280,1045482,11681,4294965516
0,3266,6849298432,1050250,18956,4294954163
0,3267,6851395584,1048230,10890,4294959692
0,3268,6853492736,1047221,30521,4294964563
0,3269,6855589888,1048523,24402,4294964474
0,3270,6857687040,1047939,22970,4294959378
0,3271,6859784192,1043667,24098,4294955779
0,3272,6861881344,1045684,2381,4294962519
0,3273,6863978496,1047999,19017,4294961659
0,3274,6866075648,1049269,6411,4294952517
0,3275,6868172800,1046994,6030,4294965025
0,3276,6870269952,1050288,2316,4294964559
0,3277,6872367104,1048002,18875,4294965451
0,3278,6874464256,1046587,19932,4294945941
0,3279,6876561408,1048570,2442,4294961649
0,3280,6878658560,1047210,22909,4294965790
0,3281,6880755712,1047243,19997,4294962783
0,3282,6882852864,1044931,11875,4294966069
0,3283,6884950016,1045981,31521,4294960452
0,3284,6887047168,1052506,3732,4294958679
0,3285,6889144320,1046855,10900,4294954187
0,3286,6891241472,1050374,3684,4294965781
0,3287,6893338624,1053535,4548,4294965589
0,3288,6895435776,1045470,39171,4294965455
0,3289,6897532928,1047285,11188,4294963853
0,3290,6899630080,1046979,2507,4294961914
0,3291,6901727232,1050485,2964,4294961714
0,3292,6903824384,1049914,4740,4294964097
0,3293,6905921536,1045852,15530,4294954509
0,3294,6908018688,1049802,4748,4294958464
0,3295,6910115840,1046451,11195,4294961741
0,3296,6912212992,1049341,6095,4294949000
0,3297,6914310144,1048837,7583,4294954870
0,3298,6916407296,1046651,16094,4294960822
0,3299,6918504448,1047166,13902,4294958123
0,3300,6920601600,1050436,12493,4294966154
0,3301,6922698752,1048589,54150,4294965710
0,3302,6924795904,1045926,50575,4294964689
0,3303,6926893056,1047809,27874,4294964886
0,3304,6928990208,1049038,12732,4294964427
0,3305,6931087360,1047072,24224,4294956182
0,3306,6933184512,1049044,15792,4294956533
0,3307,6935281664,1046050,13862,4294962823
0,3308,6937378816,1045543,6476,4294962957
0,3309,6939475968,1045277,23457,4294958291
0,3310,6941573120,1046402,19936,4294964891
0,3311,6943670272,1046767,27954,4294966614
0,3312,6945767424,1050770,2446,4294967183
0,3313,6947864576,1049701,5492,4294955339
0,3314,6949961728,1049545,3979,4294962584
0,3315,6952058880,1057603,2938,4294967109
0,3316,6954156032,1046352,22979,4294967115
0,3317,6956253184,1047775,19307,4294956384
0,3318,6958350336,1047024,12165,4294964852
0,3319,6960447488,1048130,19797,4294962070
0,3320,6962544640,1047813,5006,4294940963
0,3321,6964641792,1050810,15469,4294965354
0,3322,6966738944,1046558,19082,4294962293
0,3323,6968836096,1045874,11861,4294966527
0,3324,6970933248,1052792,2692,4294953310
0,3325,6973030400,1049117,7492,4294964404
0,3326,6975127552,1046551,27175,4294961680
0,3327,6977224704,1052413,10506,4294962487
0,3328,6979321856,1056294,2002,4294967251
0,3329,6981419008,1047909,11619,4294960717
0,3330,6983516160,1050285,22896,4294961073
0,3331,6985613312,1051064,11330,4294959747
0,3332,6987710464,1045120,24036,4294941902
0,3333,6989807616,1044650,11699,4294958280
0,3334,6991904768,1048382,5299,4294959434
0,3335,6994001920,1049085,7283,4294965539
0,3336,6996099072,1047752,6541,4294964545
0,3337,6998196224,1050689,7538,4294961213
0,3338,7000293376,1046302,10834,4294957600
0,3339,7002390528,1046032,18626,4294964432
0,3340,7004487680,1046337,7768,4294966146
0,3341,7006584832,1044087,7549,4294956338
0,3342,7008681984,1044531,19833,4294954795
0,3343,7010779136,1045875,5968,4294965039
0,3344,7012876288,1045298,27498,4294962787
0,3345,7014973440,1048317,23683,4294948309
0,3346,7017070592,1048655,5843,4294961834
0,3347,7019167744,1048068,15123,4294966267
0,3348,7021264896,1049816,6835,4294960592
0,3349,7023362048,1048596,14595,4294956888
0,3350,7025459200,1046885,15679,4294958155
0,3351,7027556352,1048204,6858,4294964956
0,3352,7029653504,1047381,11813,4294966007
0,3353,7031750656,1048879,13763,4294964682
0,3354,7033847808,1052871,28230,4294965682
0,3355,7035944960,1046144,43083,4294960651
0,3356,7038042112,1047321,28618,4294958316
0,3357,7040139264,1051209,6850,4294955538
0,3358,7042236416,1046454,19842,4294966727
0,3359,7044333568,1048788,13747,4294966631
0,3360,7046430720,1046346,4432,4294960179
0,3361,7048527872,1049258,15407,4294962888
0,3362,7050625024,1046562,24229,4294964329
0,3363,7052722176,1049236,11879,4294952761
0,3364,7054819328,1047935,10444,4294961233
0,3365,7056916480,1043579,26125,4294960873
0,3366,7059013632,1052541,13423,4294953248
0,3367,7061110784,1046208,29819,4294966073
0,3368,7063207936,1045996,12103,4294956957
0,3369,7065305088,1047474,20051,4294965914
0,3370,7067402240,1046107,47577,4294962627
0,3371,7069499392,1046677,46857,4294962878
0,3372,7071596544,1047838,16206,4294966126
0,3373,7073693696,1046550,7408,4294967121
0,3374,7075790848,1046700,15833,4294948918
0,3375,7077888000,1053333,4924,4294967047
0,3376,7079985152,1050108,12431,4294966357
0,3377,7082082304,1047894,12797,4294965648
0,3378,7084179456,1046027,43855,4294966547
0,3379,7086276608,1044725,27944,4294964492
0,3380,7088373760,1045276,20045,4294966261
0,3381,7090470912,1047033,14664,4294964748
0,3382,7092568064,1046301,2994,4294962643
0,3383,7094665216,1046441,15183,4294944348
0,3384,7096762368,1047011,14413,4294962311
0,3385,7098859520,1045503,15421,4294961247
0,3386,7100956672,1043333,15672,4294956120
0,3387,7103053824,1044226,23765,4294964365
0,3388,7105150976,1045911,31116,4294963465
0,3389,7107248128,1045444,31525,4294953028
0,3390,7109345280,1046247,7905,4294964829
0,3391,7111442432,1046579,22034,4294957373
0,3392,7113539584,1051902,6160,4294963590
0,3393,7115636736,1049413,16019,4294960699
0,3394,7117733888,1046174,15724,4294948771
0,3395,7119831040,1048931,40692,4294965871
0,3396,7121928192,1045918,29730,4294956103
0,3397,7124025344,1047734,36125,4294962334
0,3398,7126122496,1046153,48227,4294936268
0,3399,7128219648,1045963,14959,4294963522
0,3400,7130316800,1047590,12750,4294966026
0,3401,7132413952,1048507,32507,4294960231
0,3402,7134511104,1044703,19564,4294954035
0,3403,7136608256,1048847,24082,4294965662
0,3404,7138705408,1050977,23982,4294945776
0,3405,7140802560,1047947,6656,4294964715
0,3406,7142899712,1047609,14854,4294961491
0,3407,7144996864,1047035,3736,4294964967
0,3408,7147094016,1048726,28475,4294960262
0,3409,7149191168,1046921,13967,4294948282
0,3410,7151288320,1043889,14536,4294950695
0,3411,7153385472,1046766,28323,4294961105
0,3412,7155482624,1046213,15910,4294962149
0,3413,7157579776,1049142,8888,4294964871
0,3414,7159676928,1048019,9036,4294931573
0,3415,7161774080,1049621,12920,4294958382
0,3416,7163871232,1054657,8392,4294957579
0,3417,7165968384,1045117,27633,4294966451
0,3418,7168065536,1044943,30272,4294965320
0,3419,7170162688,1046934,9154,4294960887
0,3420,7172259840,1048355,18253,4294965819
0,3421,7174356992,1044829,35145,4294966539
0,3422,7176454144,1047944,13068,4294960500
0,3423,7178551296,1046357,16195,4294964999
0,3424,7180648448,1050390,208,4294962598
0,3425,7182745600,1042931,21959,4294964157
0,3426,7184842752,1051630,3688,4294964754
0,3427,7186939904,1051216,9518,4294961417
0,3428,7189037056,1042888,26380,4294965968
0,3429,7191134208,1045906,27728,4294964838
0,3430,7193231360,1045455,20675,4294965785
0,3431,7195328512,1046750,29513,4294958085
0,3432,7197425664,1049954,30538,4294966674
0,3433,7199522816,1045805,23300,4294966352
0,3434,7201619968,1048042,13063,4294952388
0,3435,7203717120,1049269,11502,4294964723
0,3436,7205814272,1048120,15079,4294965443
0,3437,7207911424,1052894,704,4294946582
0,3438,7210008576,1048947,8140,4294959888
0,3439,7212105728,1048199,15982,4294966793
0,3440,7214202880,1047274,11052,4294966097
0,3441,7216300032,1047972,11948,4294966916
0,3442,7218397184,1048698,24330,4294961992
0,3443,7220494336,1049065,13186,4294965775
0,3444,7222591488,1047030,29636,4294966721
0,3445,7224688640,1052812,14840,4294962300
0,3446,7226785792,1047968,55985,4294958510
0,3447,7228882944,1048501,20920,4294964280
0,3448,7230980096,1060652,12558,4294965593
0,3449,7233077248,1050893,7576,4294965347
0,3450,7235174400,1053056,12424,4294965224
0,3451,7237271552,1047783,4552,4294966582
0,3452,7239368704,1045936,12301,4294961385
0,3453,7241465856,1047386,15325,4294965689
0,3454,7243563008,1049193,10060,4294966219
0,3455,7245660160,1047151,24214,4294966050
0,3456,7247757312,1055957,466,4294953885
0,3457,7249854464,1046617,20225,4294962402
0,3458,7251951616,1044504,14992,4294955996
0,3459,7254048768,1049343,9266,4294955938
0,3460,7256145920,1046994,14801,4294961944
0,3461,7258243072,1048306,3805,4294965952
0,3462,7260340224,1046190,13608,4294961015
0,3463,7262437376,1044526,43683,4294964917
0,3464,7264534528,1052754,3746,4294963276
0,3465,7266631680,1050428,10802,4294965459
0,3466,7268728832,1047306,9810,4294954725
0,3467,7270825984,1054590,3794,4294962135
0,3468,7272923136,1048713,20013,4294959942
0,3469,7275020288,1048155,9136,4294962845
0,3470,7277117440,1048380,12171,4294966041
0,3471,7279214592,1044601,20305,4294960462
0,3472,7281311744,1049319,7084,4294957632
0,3473,7283408896,1045933,22925,4294960772
0,3474,7285506048,1047388,10952,4294955681
0,3475,7287603200,1047010,28190,4294964858
0,3476,7289700352,1053629,6904,4294954762
0,3477,7291797504,1046185,6781,4294957230
0,3478,7293894656,1048550,19372,4294964536
0,3479,7295991808,1048770,40145,4294964353
0,3480,7298088960,1047410,19689,4294960911
0,3481,7300186112,1051322,6408,4294965448
0,3482,7302283264,1048372,11872,4294964115
0,3483,7304380416,1047541,2504,4294962096
0,3484,7306477568,1046096,6092,4294965707
0,3485,7308574720,1044091,19681,4294956530
0,3486,7310671872,1044803,35716,4294967180
0,3487,7312769024,1046475,7489,4294964401
0,3488,7314866176,1049921,1999,4294967248
0,3489,7316963328,1048971,7535,4294966143
0,3490,7319060480,1047970,14592,4294964046
0,3491,7321157632,1046620,7099,4294956356
0,3492,7323254784,1047031,20067,4294958478
0,3493,7325351936,1051265,42804,4294956954
0,3494,7327449088,1046850,2991,4294962640
0,3495,7329546240,1049391,7902,4294952356
0,3496,7331643392,1049462,16016,4294956369
0,3497,7333740544,1047003,7645,4294966023
0,3498,7335837696,1053200,9917,4294962146
0,3499,7337934848,1046682,8523,4294962802
0,3500,7340032000,1050416,717,4294960509
0,3501,7342129152,1051950,709,4294966349
0,3502,7344226304,1047396,14837,4294958507
0,3503,7346323456,1051140,5557,4294966579
0,3504,7348420608,1050415,463,4294953869
0,3505,7350517760,1052083,12613,4294962132
0,3506,7352614912,1046962,6901,4294949306
0,3507,7354712064,1048469,6089,4294967177
0,3508,7356809216,1051590,1996,4294952366
0,3509,7358906368,1053206,958,4294957707
0,3510,7361003520,1074315,952,4294967174
0,3511,7363100672,1055601,1461,4294965672
0,3512,7365197824,1047082,8654,4294966589
0,3513,7367294976,1048329,19108,4294962355
0,3514,7369392128,1048563,4044,4294965675
0,3515,7371489280,1056524,456,4294965416
0,3516,7373586432,1046924,3442,4294965427
0,3517,7375683584,1051618,2754,4294953372
0,3518,7377780736,1047931,34246,4294957873
0,3519,7379877888,1045025,10568,4294963532
0,3520,7381975040,1050420,337,4294962413
0,3521,7384072192,1051039,829,4294961789
0,3522,7386169344,1045026,11088,4294965549
0,3523,7388266496,1044633,23336,4294960969
0,3524,7390363648,1048070,2865,4294966870
0,3525,7392460800,1049366,1873,4294960944
0,3526,7394557952,1050623,9931,4294966592
0,3527,7396655104,1047082,8907,4294952264
0,3528,7398752256,1048113,19803,4294965076
0,3529,7400849408,1046260,19851,4294962358
0,3530,7402946560,1048034,19111,4294964929
0,3531,7405043712,1053748,22414,4294962853
0,3532,7407140864,1049449,18119,4294952100
0,3533,7409238016,1054614,4736,4294963849
0,3534,7411335168,1045477,27564,4294958119
0,3535,7413432320,1049137,4996,4294954693
0,3536,7415529472,1045774,4047,4294962652
0,3537,7417626624,1051057,13743,4294965678
0,3538,7419723776,1044404,4428,4294966122
0,3539,7421820928,1044485,23749,4294953627
0,3540,7423918080,1045557,23978,4294960927
0,3541,7426015232,1046068,40013,4294960258
0,3542,7428112384,1049289,20931,4294960661
0,3543,7430209536,1046313,27050,4294966338
0,3544,7432306688,1047149,15298,4294957969
0,3545,7434403840,1047290,11868,4294962933
0,3546,7436500992,1049036,3483,4294960072
0,3547,7438598144,1051099,459,4294965697
0,3548,7440695296,1053583,333,4294940759
0,3549,7442792448,1062360,16701,4294965419
0,3550,7444889600,1046928,6993,4294962497
0,3551,7446986752,1047945,22084,4294960801
0,3552,7449083904,1048960,4240,4294959242
0,3553,7451181056,1048169,26058,4294946178
0,3554,7453278208,1050624,7557,4294965622
0,3555,7455375360,1047467,13845,4294964206
0,3556,7457472512,1045047,38477,4294966798
0,3557,7459569664,1046453,39901,4294963774
0,3558,7461666816,1046666,3445,4294964469
0,3559,7463763968,1047883,6997,4294958299
0,3560,7465861120,1049503,2765,4294959488
0,3561,7467958272,1049773,29066,4294961510
0,3562,7470055424,1044758,31790,4294966534
0,3563,7472152576,1046614,13550,4294961751
0,3564,7474249728,1046257,10185,4294965947
0,3565,7476346880,1048056,2757,4294958473
0,3566,7478444032,1046617,20926,4294966865
0,3567,7480541184,1043773,7720,4294966841
0,3568,7482638336,1046310,22088,4294960805
0,3569,7484735488,1046557,43204,4294965982
0,3570,7486832640,1047498,46468,4294962117
0,3571,7488929792,1047460,43612,4294962064
0,3572,7491026944,1044368,31533,4294962386
0,3573,7493124096,1045861,27240,4294962506
0,3574,7495221248,1048286,27644,4294959936
0,3575,7497318400,1046817,11177,4294961745
0,3576,7499415552,1045000,11550,4294962552
0,3577,7501512704,1047702,23820,4294963535
0,3578,7503609856,1046551,5909,4294966667
0,3579,7505707008,1044854,7397,4294961360
0,3580,7507804160,1046056,23779,4294966846
0,3581,7509901312,1045071,11579,4294966571
0,3582,7511998464,1049886,10997,4294958777
0,3583,7514095616,1053267,23080,4294961259
0,3584,7516192768,1063246,84,4294967188
0,3585,7518289920,1050631,11267,4294965826
0,3586,7520387072,1051553,3564,4294965476
0,3587,7522484224,1047164,11636,4294964459
0,3588,7524581376,1050718,32264,4294964976
0,3589,7526678528,1046438,7705,4294966083
0,3590,7528775680,1053345,7363,4294961150
0,3591,7530872832,1047869,10771,4294954337
0,3592,7532969984,1047688,15805,4294949004
0,3593,7535067136,1047363,8011,4294966640
0,3594,7537164288,1050404,36177,4294962863
0,3595,7539261440,1050377,13700,4294963336
0,3596,7541358592,1047389,3316,4294966204
0,3597,7543455744,1049438,8778,4294951881
0,3598,7545552896,1051383,580,4294956825
0,3599,7547650048,1048610,15616,4294959246
0,3600,7549747200,1046703,14350,4294960132
0,3601,7551844352,1045099,30031,4294965552
0,3602,7553941504,1048032,6867,4294954874
0,3603,7556038656,1046392,7587,4294965571
0,3604,7558135808,1045436,3459,4294960003
0,3605,7560232960,1045511,14785,4294966102
0,3606,7562330112,1048547,27624,4294958179
0,3607,7564427264,1048124,23921,4294956254
0,3608,7566524416,1045572,10381,4294960810
0,3609,7568621568,1050807,23339,4294964604
0,3610,7570718720,1048143,15249,4294964266
0,3611,7572815872,1048217,38953,4294956523
0,3612,7574913024,1047744,40206,4294962815
0,3613,7577010176,1046435,22093,4294953520
0,3614,7579107328,1048757,15207,4294967058
0,3615,7581204480,1048318,11057,4294954357
0,3616,7583301632,1049004,11977,4294966853
0,3617,7585398784,1047491,11929,4294966921
0,3618,7587495936,1048533,19944,4294964814
0,3619,7589593088,1049914,22145,4294962558
0,3620,7591690240,1050624,3612,4294965987
0,3621,7593787392,1048429,13246,4294965626
0,3622,7595884544,1061644,2868,4294965530
0,3623,7597981696,1052590,4489,4294966279
0,3624,7600078848,1051691,1876,4294965380
0,3625,7602176000,1049016,11149,4294964512
0,3626,7604273152,1049423,14012,4294964660
0,3627,7606370304,1046674,23237,4294966289
0,3628,7608467456,1054941,6732,4294958930
0,3629,7610564608,1045334,16273,4294963582
0,3630,7612661760,1050663,6724,4294965905
0,3631,7614758912,1046273,20612,4294965722
0,3632,7616856064,1046247,9934,4294952127
0,3633,7618953216,1046642,43209,4294965599
0,3634,7621050368,1046076,7609,4294966595
0,3635,7623147520,1047705,6601,4294946529
0,3636,7625244672,1048346,12937,4294963459
0,3637,7627341824,1051163,9030,4294962271
0,3638,7629438976,1051122,8268,4294962090
0,3639,7631536128,1044159,38857,4294966327
0,3640,7633633280,1048490,8764,4294964808
0,3641,7635730432,1051333,12857,4294957214
0,3642,7637827584,1043415,14473,4294945221
0,3643,7639924736,1049217,9894,4294949903
0,3644,7642021888,1046702,15893,4294965257
0,3645,7644119040,1044358,15716,4294957516
0,3646,7646216192,1045760,23840,4294964389
0,3647,7648313344,1047317,23141,4294962742
0,3648,7650410496,1048511,4177,4294959179
0,3649,7652507648,1051404,20545,4294965094
0,3650,7654604800,1048168,15050,4294961581
0,3651,7656701952,1043891,39846,4294966735
0,3652,7658799104,1045155,7657,4294966802
0,3653,7660896256,1047377,15948,4294952977
0,3654,7662993408,1046079,19806,4294959425
0,3655,7665090560,1047871,26182,4294966471
0,3656,7667187712,1046505,23716,4294957928
0,3657,7669284864,1047821,57032,4294962361
0,3658,7671382016,1045796,11997,4294966977
0,3659,7673479168,1049362,15900,4294966989
0,3660,7675576320,1045632,27307,4294957791
0,3661,7677673472,1047970,13232,4294958308
0,3662,7679770624,1044916,27489,4294960491
0,3663,7681867776,1051514,27581,4294959873
0,3664,7683964928,1047788,15235,4294958394
0,3665,7686062080,1048570,23428,4294965360
0,3666,7688159232,1047705,27965,4294962434
0,3667,7690256384,1047386,15823,4294960210
0,3668,7692353536,1049099,44059,4294962239
0,3669,7694450688,1045752,15775,4294966384
0,3670,7696547840,1046575,3984,4294965049
0,3671,7698644992,1048155,27364,4294966480
0,3672,7700742144,1053141,24109,4294958864
0,3673,7702839296,1049546,12871,4294953317
0,3674,7704936448,1044401,11025,4294945860
0,3675,7707033600,1051313,8082,4294956833
0,3676,7709130752,1061804,15709,4294962856
0,3677,7711227904,1052485,28315,4294964038
0,3678,7713325056,1055262,4673,4294965714
0,3679,7715422208,1051631,4933,4294954803
0,3680,7717519360,1046936,7021,4294950459
0,3681,7719616512,1048321,10889,4294954850
0,3682,7721713664,1048450,24401,4294964473
0,3683,7723810816,1044240,22969,4294952655
0,3684,7725907968,1045434,42185,4294961658
0,3685,7728005120,1047032,6029,4294958641
0,3686,7730102272,1048850,18809,4294964558
0,3687,7732199424,1046202,2441,4294961648
0,3688,7734296576,1047408,36600,4294962782
0,3689,7736393728,1045188,31520,4294966068
0,3690,7738490880,1050057,3731,4294958678
0,3691,7740588032,1052749,3683,4294965780
0,3692,7742685184,1048358,11187,4294963852
0,3693,7744782336,1050730,2963,4294961913
0,3694,7746879488,1047192,4739,4294964096
0,3695,7748976640,1047291,4747,4294961740
0,3696,7751073792,1050611,7582,4294954869
0,3697,7753170944,1047217,27567,4294958122
0,3698,7755268096,1049162,20350,4294958303
0,3699,7757365248,1045500,35674,4294964421
0,3700,7759462400,1047847,15117,4294964426
0,3701,7761559552,1047365,59532,4294962822
0,3702,7763656704,1047001,23456,4294962956
0,3703,7765753856,1047196,22408,4294966613
0,3704,7767851008,1052294,5491,4294949673
0,3705,7769948160,1057852,2937,4294967108
0,3706,7772045312,1048804,19306,4294967114
0,3707,7774142464,1049472,12164,4294964851
0,3708,7776239616,1052115,5005,4294965353
0,3709,7778336768,1046785,11860,4294966526
0,3710,7780433920,1052089,2691,4294958233
0,3711,7782531072,1049333,10505,4294960358
0,3712,7784628224,1050866,2257,4294961454
0,3713,7786725376,1051093,26257,4294959746
0,3714,7788822528,1044359,24035,4294941901
0,3715,7790919680,1049618,12736,4294964411
0,3716,7793016832,1049502,11067,4294962655
0,3717,7795113984,1045721,18625,4294964431
0,3718,7797211136,1045261,40705,4294961596
0,3719,7799308288,1045562,5967,4294962945
0,3720,7801405440,1047443,27497,4294962036
0,3721,7803502592,1046749,15122,4294959568
0,3722,7805599744,1048393,22706,4294956887
0,3723,7807696896,1047020,6857,4294949123
0,3724,7809794048,1045660,11812,4294966006
0,3725,7811891200,1047209,36538,4294965681
0,3726,7813988352,1051771,6849,4294954201
0,3727,7816085504,1049585,13746,4294966726
0,3728,7818182656,1049893,4431,4294960178
0,3729,7820279808,1046344,24228,4294960841
0,3730,7822376960,1045795,10443,4294961232
0,3731,7824474112,1048734,13422,4294953247
0,3732,7826571264,1046196,12102,4294965913
0,3733,7828668416,1045717,55683,4294962877
0,3734,7830765568,1046726,7407,4294967120
0,3735,7832862720,1048711,4923,4294967046
0,3736,7834959872,1048447,12430,4294965647
0,3737,7837057024,1045144,55668,4294966546
0,3738,7839154176,1046440,16031,4294958060
0,3739,7841251328,1047094,15738,4294940128
0,3740,7843348480,1045776,31633,4294956470
0,3741,7845445632,1042779,23764,4294964364
0,3742,7847542784,1042768,31115,4294955754
0,3743,7849639936,1044750,19873,4294964828
0,3744,7851737088,1048441,14479,4294962189
0,3745,7853834240,1045551,15723,4294960309
0,3746,7855931392,1047919,42892,4294958438
0,3747,7858028544,1045523,15841,4294956126
0,3748,7860125696,1048484,32506,4294962694
0,3749,7862222848,1046384,27466,4294958550
0,3750,7864320000,1048887,14845,4294959984
0,3751,7866417152,1047410,14922,4294964966
0,3752,7868514304,1047546,15454,4294960261
0,3753,7870611456,1043165,28322,4294961104
0,3754,7872708608,1045087,28346,4294964870
0,3755,7874805760,1046572,47465,4294942346
0,3756,7876902912,1047484,32590,4294966450
0,3757,7879000064,1045234,19088,4294954492
0,3758,7881097216,1047112,42302,4294966538
0,3759,7883194368,1049186,31794,4294964998
0,3760,7885291520,1046568,20934,4294953407
0,3761,7887388672,1046901,61175,4294961755
0,3762,7889485824,1045223,26379,4294965967
0,3763,7891582976,1046135,42435,4294958084
0,3764,7893680128,1048223,58364,4294966673
0,3765,7895777280,1049589,14046,4294962827
0,3766,7897874432,1049222,10130,4294960681
0,3767,7899971584,1046170,29060,4294960418
0,3768,7902068736,1046256,11947,4294966915
0,3769,7904165888,1048582,27834,4294957490
0,3770,7906263040,1049321,26508,4294962620
0,3771,7908360192,1046518,54984,4294957866
0,3772,7910457344,1048893,13170,4294957298
0,3773,7912554496,1048211,27245,4294966341
0,3774,7914651648,1045640,26249,4294960429
0,3775,7916748800,1046918,27519,4294966049
0,3776,7918845952,1051510,6480,4294951657
0,3777,7920943104,1046362,14991,4294955995
0,3778,7923040256,1048643,3804,4294965951
0,3779,7925137408,1045537,52405,4294961884
0,3780,7927234560,1052149,3745,4294964371
0,3781,7929331712,1050665,3793,4294955728
0,3782,7931428864,1046194,18244,4294959941
0,3783,7933526016,1046014,12170,4294966040
0,3784,7935623168,1046422,10189,4294957113
0,3785,7937720320,1048238,10951,4294964857
0,3786,7939817472,1051054,6780,4294954620
0,3787,7941914624,1047487,40144,4294962753
0,3788,7944011776,1046960,19688,4294960910
0,3789,7946108928,1046114,11871,4294963346
0,3790,7948206080,1043490,19680,4294964882
0,3791,7950303232,1045512,7488,4294962936
0,3792,7952400384,1047475,3486,4294966142
0,3793,7954497536,1046667,22223,4294964045
0,3794,7956594688,1048695,42803,4294958477
0,3795,7958691840,1048792,7901,4294962639
0,3796,7960788992,1045325,16015,4294954031
0,3797,7962886144,1049963,9012,4294962801
0,3798,7964983296,1050212,25894,4294966348
0,3799,7967080448,1049804,7949,4294966578
0,3800,7969177600,1049106,462,4294962131
0,3801,7971274752,1044502,23935,4294964397
0,3802,7973371904,1048274,11205,4294952365
0,3803,7975469056,1056242,1454,4294965700
0,3804,7977566208,1044307,36170,4294966588
0,3805,7979663360,1049487,28206,4294953394
0,3806,7981760512,1049348,2753,4294965426
0,3807,7983857664,1045868,23461,4294963531
0,3808,7985954816,1052304,336,4294949152
0,3809,7988051968,1046557,11087,4294965548
0,3810,7990149120,1047173,1872,4294966869
0,3811,7992246272,1049507,15889,4294953379
0,3812,7994343424,1048780,19802,4294965075
0,3813,7996440576,1052223,20118,4294964928
0,3814,7998537728,1054419,18118,4294958094
0,3815,8000634880,1047506,24379,4294949811
0,3816,8002732032,1049158,4558,4294965126
0,3817,8004829184,1045469,4427,4294966121
0,3818,8006926336,1045542,40012,4294960926
0,3819,8009023488,1048057,20930,4294966337
0,3820,8011120640,1046896,11867,4294962726
0,3821,8013217792,1050042,11915,4294965696
0,3822,8015314944,1063837,332,4294947386
0,3823,8017412096,1046726,6992,4294962496
0,3824,8019509248,1048315,7724,4294959241
0,3825,8021606400,1048243,13844,4294965621
0,3826,8023703552,1044734,38476,4294963773
0,3827,8025800704,1046996,6996,4294964285
0,3828,8027897856,1047501,31110,4294961509
0,3829,8029995008,1045405,30989,4294966533
0,3830,8032092160,1045011,21925,4294965946
0,3831,8034189312,1044465,20925,4294965070
0,3832,8036286464,1046573,22087,4294965981
0,3833,8038383616,1046707,43611,4294962116
0,3834,8040480768,1047563,28557,4294962505
0,3835,8042577920,1047617,47559,4294959935
0,3836,8044675072,1044990,23819,4294960402
0,3837,8046772224,1045020,23771,4294966666
0,3838,8048869376,1044018,23778,4294966845
0,3839,8050966528,1050282,11380,4294961258
0,3840,8053063680,1055171,2194,4294967187
0,3841,8055160832,1049431,5235,4294965475
0,3842,8057257984,1048175,7704,4294966082
0,3843,8059355136,1053452,7474,4294961149
0,3844,8061452288,1046886,13683,4294966639
0,3845,8063549440,1051210,13699,4294963335
0,3846,8065646592,1049741,5779,4294966203
0,3847,8067743744,1047465,6771,4294959245
0,3848,8069840896,1046356,14349,4294956056
0,3849,8071938048,1045320,7841,4294954436
0,3850,8074035200,1044346,3458,4294957997
0,3851,8076132352,1046342,40164,4294958178
0,3852,8078229504,1050299,10380,4294960809
0,3853,8080326656,1050663,38952,4294964265
0,3854,8082423808,1046324,22092,4294962814
0,3855,8084520960,1050470,21840,4294967057
0,3856,8086618112,1049838,13122,4294966852
0,3857,8088715264,1051642,20856,4294964216
0,3858,8090812416,1049054,13245,4294965986
0,3859,8092909568,1061906,4488,4294966278
0,3860,8095006720,1048342,10067,4294965379
0,3861,8097103872,1049187,14011,4294966288
0,3862,8099201024,1050468,16272,4294963581
0,3863,8101298176,1048096,20611,4294965904
0,3864,8103395328,1047164,12686,4294965598
0,3865,8105492480,1046640,6600,4294961427
0,3866,8107589632,1049514,29666,4294963458
0,3867,8109686784,1047202,22464,4294965807
0,3868,8111783936,1049072,12856,4294964807
0,3869,8113881088,1046904,14472,4294949902
0,3870,8115978240,1046486,30208,4294965256
0,3871,8118075392,1044825,23140,4294964388
0,3872,8120172544,1048029,4176,4294964142
0,3873,8122269696,1045268,15049,4294966734
0,3874,8124366848,1045730,7656,4294966801
0,3875,8126464000,1046869,30390,4294966470
0,3876,8128561152,1046480,23715,4294961195
0,3877,8130658304,1045130,15899,4294963471
0,3878,8132755456,1046165,43140,4294944625
0,3879,8134852608,1044879,27580,4294959872
0,3880,8136949760,1048147,15234,4294965359
0,3881,8139046912,1046882,27964,4294962433
0,3882,8141144064,1045883,42825,4294958846
0,3883,8143241216,1046929,3983,4294966058
0,3884,8145338368,1049737,12870,4294958863
0,3885,8147435520,1047815,8081,4294952618
0,3886,8149532672,1052710,51807,4294964037
0,3887,8151629824,1053611,4672,4294963785
0,3888,8153726976,1049263,7020,4294954849
0,3889,8155824128,1047067,22968,4294964472
0,3890,8157921280,1045684,6028,4294961657
0,3891,8160018432,1047785,2440,4294963960
0,3892,8162115584,1045515,31519,4294962781
0,3893,8164212736,1051067,3682,4294965395
0,3894,8166309888,1047259,2962,4294955932
0,3895,8168407040,1045416,4990,4294961739
0,3896,8170504192,1050000,7581,4294956864
0,3897,8172601344,1048352,20349,4294960445
0,3898,8174698496,1050005,15116,4294956700
0,3899,8176795648,1049268,22407,4294962955
0,3900,8178892800,1060438,2936,4294967107
0,3901,8180989952,1048415,12163,4294967113
0,3902,8183087104,1050505,5004,4294966525
0,3903,8185184256,1052541,2690,4294958232
0,3904,8187281408,1050740,2256,4294949626
0,3905,8189378560,1046532,24034,4294964410
0,3906,8191475712,1049263,11066,4294963898
0,3907,8193572864,1045724,5966,4294962944
0,3908,8195670016,1046726,22993,4294962035
0,3909,8197767168,1047241,34699,4294956886
0,3910,8199864320,1045168,11811,4294966005
0,3911,8201961472,1050453,23878,4294961349
0,3912,8204058624,1049999,4942,4294960840
0,3913,8206155776,1049815,10442,4294955968
0,3914,8208252928,1046239,12101,4294962876
0,3915,8210350080,1050085,4922,4294967119
0,3916,8212447232,1047810,12429,4294965646
0,3917,8214544384,1047043,16030,4294958059
0,3918,8216641536,1044735,23763,4294964363
0,3919,8218738688,1042936,19872,4294964827
0,3920,8220835840,1047544,15722,4294962188
0,3921,8222932992,1045081,59170,4294956101
0,3922,8225030144,1048813,27465,4294962693
0,3923,8227127296,1050134,27855,4294964965
0,3924,8229224448,1044227,15453,4294961103
0,3925,8231321600,1047349,42763,4294964869
0,3926,8233418752,1046833,19087,4294962510
0,3927,8235515904,1050085,31793,4294966537
0,3928,8237613056,1047457,31891,4294961754
0,3929,8239710208,1045509,26378,4294964836
0,3930,8241807360,1046156,14045,4294966672
0,3931,8243904512,1046888,10129,4294959886
0,3932,8246001664,1049243,11946,4294966914
0,3933,8248098816,1045597,26507,4294962619
0,3934,8250195968,1048136,13169,4294965229
0,3935,8252293120,1047843,26248,4294964797
0,3936,8254390272,1047969,14287,4294955994
0,3937,8256487424,1047110,14799,4294965950
0,3938,8258584576,1051237,3744,4294963602
0,3939,8260681728,1046254,12169,4294966039
0,3940,8262778880,1046481,10188,4294964856
0,3941,8264876032,1046368,40143,4294962752
0,3942,8266973184,1046964,23276,4294960909
0,3943,8269070336,1043373,56418,4294958702
0,3944,8271167488,1047410,7533,4294966141
0,3945,8273264640,1048641,7900,4294958476
0,3946,8275361792,1046665,14931,4294962800
0,3947,8277458944,1049114,7948,4294966577
0,3948,8279556096,1047096,12611,4294964396
0,3949,8281653248,1051872,3012,4294961329
0,3950,8283750400,1045714,108686,4294966587
0,3951,8285847552,1047443,2752,4294953299
0,3952,8287944704,1048037,7958,4294956518
0,3953,8290041856,1047690,24199,4294966868
0,3954,8292139008,1050236,19801,4294965074
0,3955,8294236160,1052137,27589,4294954586
0,3956,8296333312,1048609,4426,4294966120
0,3957,8298430464,1046896,20929,4294966336
0,3958,8300527616,1046586,11866,4294965695
0,3959,8302624768,1048932,19881,4294962495
0,3960,8304721920,1047044,7723,4294965236
0,3961,8306819072,1045868,11181,4294950477
0,3962,8308916224,1047512,31109,4294966532
0,3963,8311013376,1045098,48151,4294958471
0,3964,8313110528,1045661,43202,4294965980
0,3965,8315207680,1044896,31531,4294962504
0,3966,8317304832,1044603,47379,4294961358
0,3967,8319401984,1046429,23078,4294966844
0,3968,8321499136,1052210,2193,4294961390
0,3969,8323596288,1051697,11003,4294961532
0,3970,8325693440,1049123,13682,4294966638
0,3971,8327790592,1049137,15614,4294956823
0,3972,8329887744,1044984,31569,4294956055
0,3973,8331984896,1046156,15967,4294958177
0,3974,8334082048,1051264,10379,4294960808
0,3975,8336179200,1048617,22091,4294967056
0,3976,8338276352,1048219,31205,4294966851
0,3977,8340373504,1050292,13106,4294966277
0,3978,8342470656,1048673,10066,4294962763
0,3979,8344567808,1048018,20870,4294965903
0,3980,8346664960,1046661,43207,4294958819
0,3981,8348762112,1048159,48545,4294960245
0,3982,8350859264,1045858,28258,4294964806
0,3983,8352956416,1045083,39952,4294960435
0,3984,8355053568,1046885,11646,4294959177
0,3985,8357150720,1046689,24131,4294966469
0,3986,8359247872,1045451,23714,4294961194
0,3987,8361345024,1045984,43139,4294959871
0,3988,8363442176,1048320,19612,4294965358
0,3989,8365539328,1047365,14971,4294966057
0,3990,8367636480,1049482,11023,4294958862
0,3991,8369733632,1054012,19822,4294960791
0,3992,8371830784,1046875,10887,4294957140
0,3993,8373927936,1045026,23213,4294958639
0,3994,8376025088,1047344,3681,4294964307
0,3995,8378122240,1045296,18833,4294955931
0,3996,8380219392,1047512,30644,4294960444
0,3997,8382316544,1049940,23824,4294962954
0,3998,8384413696,1050417,2949,4294962067
0,3999,8386510848,1050268,2689,4294966524
0,4000,8388608000,1047457,6957,4294964409
0,4001,8390705152,1046193,5965,4294963897
0,4002,8392802304,1046026,31536,4294957879
0,4003,8394899456,1047850,36536,4294966004
0,4004,8396996608,1051618,4941,4294955967
0,4005,8399093760,1050489,4921,4294967044
0,4006,8401190912,1046924,27555,4294958239
0,4007,8403288064,1044066,23762,4294964826
0,4008,8405385216,1048765,27021,4294956100
0,4009,8407482368,1049191,27464,4294958548
0,4010,8409579520,1047766,28472,4294964868
0,4011,8411676672,1050138,19086,4294962509
0,4012,8413773824,1046563,26377,4294964835
0,4013,8415870976,1044571,11584,4294966671
0,4014,8417968128,1047420,11945,4294966913
0,4015,8420065280,1048178,13168,4294960427
0,4016,8422162432,1047469,14286,4294955993
0,4017,8424259584,1048691,27647,4294966038
0,4018,8426356736,1045621,26947,4294962751
0,4019,8428453888,1044856,23275,4294960908
0,4020,8430551040,1050505,7899,4294966140
0,4021,8432648192,1050581,7947,4294966576
0,4022,8434745344,1048879,11203,4294964395
0,4023,8436842496,1045696,10941,4294962352
0,4024,8438939648,1047529,11085,4294966225
0,4025,8441036800,1048367,29886,4294964926
0,4026,8443133952,1049375,4425,4294966119
0,4027,8445231104,1047160,11865,4294965694
0,4028,8447328256,1046946,11180,4294950476
0,4029,8449425408,1047231,39265,4294966531
0,4030,8451522560,1045726,43201,4294958659
0,4031,8453619712,1045527,23077,4294956816
0,4032,8455716864,1053659,2192,4294961531
0,4033,8457814016,1050242,31473,4294961285
0,4034,8459911168,1047052,15966,4294958176
0,4035,8462008320,1054659,10378,4294967055
0,4036,8464105472,1048303,13105,4294966850
0,4037,8466202624,1047751,10065,4294964772
0,4038,8468299776,1049281,55175,4294956037
0,4039,8470396928,1046832,42699,4294964805
0,4040,8472494080,1048838,15047,4294966468
0,4041,8474591232,1043943,23713,4294959870
0,4042,8476688384,1048071,14970,4294966056
0,4043,8478785536,1052964,11022,4294960790
0,4044,8480882688,1048710,10886,4294958638
0,4045,8482979840,1045768,3680,4294963538
0,4046,8485076992,1049196,23823,4294960443
0,4047,8487174144,1051979,2688,4294966523
0,4048,8489271296,1048470,5964,4294964408
0,4049,8491368448,1045733,60021,4294961347
0,4050,8493465600,1053193,4920,4294967043
0,4051,8495562752,1047026,23761,4294958238
0,4052,8497659904,1047660,27020,4294958547
0,4053,8499757056,1050219,28471,4294961101
0,4054,8501854208,1045421,11583,4294966670
0,4055,8503951360,1047290,27516,4294950304
0,4056,8506048512,1045960,14285,4294955992
0,4057,8508145664,1045681,26946,4294962750
0,4058,8510242816,1048777,23468,4294966575
0,4059,8512339968,1046916,10940,4294961327
0,4060,8514437120,1048336,11084,4294966224
0,4061,8516534272,1049458,4424,4294965123
0,4062,8518631424,1046862,22400,4294961363
0,4063,8520728576,1045694,23076,4294958658
0,4064,8522825728,1052383,10511,4294961530
0,4065,8524922880,1052295,10377,4294958175
0,4066,8527020032,1047603,11520,4294966849
0,4067,8529117184,1049510,42698,4294964804
0,4068,8531214336,1046514,22337,4294966467
0,4069,8533311488,1051794,11021,4294966055
0,4070,8535408640,1046571,23211,4294956395
0,4071,8537505792,1050015,10877,4294962288
0,4072,8539602944,1044991,23149,4294958209
0,4073,8541700096,1048514,23760,4294955750
0,4074,8543797248,1049158,27019,4294958781
0,4075,8545894400,1046561,11582,4294957254
0,4076,8547991552,1045959,56306,4294962749
0,4077,8550088704,1049873,10939,4294966574
0,4078,8552185856,1048457,13738,4294962492
0,4079,8554283008,1045810,48481,4294958657
0,4080,8556380160,1055872,10376,4294961529
0,4081,8558477312,1051033,11519,4294958718
0,4082,8560574464,1051688,11020,4294962429
0,4083,8562671616,1049508,10876,4294961263
0,4084,8564768768,1048211,23148,4294956332
0,4085,8566865920,1050532,27018,4294958780
0,4086,8568963072,1050810,10938,4294962748
0,4087,8571060224,1045947,38706,4294962491
0,4088,8573157376,1054228,11518,4294958717
0,4089,8575254528,1052330,10875,4294962428
0,4090,8577351680,1051586,23147,4294957252
0,4091,8579448832,1051448,10937,4294960299
0,4092,8581545984,1058068,10874,4294962427
0,4093,8583643136,1054480,10936,4294958654
0,4094,8585740288,1061607,10873,4294958653
0,4095,8587837440,1112005,10872,4294958652
1,0,0,1197639,0,4294967295
1,1,2097152,1083786,11,4294967237
1,2,4194304,1072150,12,4294965735
1,3,6291456,1068549,74,4294967238
1,4,8388608,1062795,13,4294965736
1,5,10485760,1063695,137,4294956429
1,6,12582912,1062749,199,4294967239
1,7,14680064,1061845,75,4294965798
1,8,16777216,1058832,14,4294965829
1,9,18874368,1054772,2122,4294965737
1,10,20971520,1055789,138,4294953982
1,11,23068672,1059572,2246,4294956430
1,12,25165824,1059155,2060,4294961397
1,13,27262976,1055107,200,4294967240
1,14,29360128,1055149,76,4294952417
1,15,31457280,1055604,2184,4294965799
1,16,33554432,1058581,15,4294948972
1,17,35651584,1057835,263,4294965830
1,18,37748736,1051627,2123,4294961460
1,19,39845888,1052532,2371,4294965738
1,20,41943040,1053056,387,4294953983
1,21,44040192,1055266,139,4294951926
1,22,46137344,1055280,2495,4294965862
1,23,48234496,1055568,2247,4294949801
1,24,50331648,1054506,2061,4294961398
1,25,52428800,1051363,2309,4294964085
1,26,54525952,1051987,201,4294965768
1,27,56623104,1051227,449,4294967241
1,28,58720256,1052845,77,4294949034
1,29,60817408,1051715,325,4294957834
1,30,62914560,1051065,2433,4294965800
1,31,65011712,1051002,2185,4294950467
1,32,67108864,1060471,16,4294954018
1,33,69206016,1049780,11562,4294962464
1,34,71303168,1058151,264,4294965831
1,35,73400320,1047008,35982,4294957773
1,36,75497472,1049466,2124,4294961461
1,37,77594624,1050650,19544,4294964979
1,38,79691776,1051050,2372,4294965739
1,39,81788928,1051805,15146,4294958429
1,40,83886080,1051440,388,4294962907
1,41,85983232,1049216,23264,4294953984
1,42,88080384,1051854,140,4294966653
1,43,90177536,1050695,11987,4294956278
1,44,92274688,1052256,11673,4294962197
1,45,94371840,1052960,2496,4294965863
1,46,96468992,1050753,7708,4294961537
1,47,98566144,1051215,2248,4294966086
1,48,100663296,1056594,2062,4294961399
1,49,102760448,1053042,7781,4294958689
1,50,104857600,1049022,19234,4294959751
1,51,106954752,1056695,2310,4294965510
1,52,109051904,1048674,12049,4294952641
1,53,111149056,1050481,202,4294965769
1,54,113246208,1051362,450,4294967242
1,55,115343360,1048470,23326,4294964463
1,56,117440512,1054022,78,4294952155
1,57,119537664,1047976,11624,4294957937
1,58,121634816,1048922,46766,4294957835
1,59,123731968,1051817,326,4294965893
1,60,125829120,1052818,2434,4294965801
1,61,127926272,1046461,11611,4294963596
1,62,130023424,1048338,11640,4294956511
1,63,132120576,1050156,2186,4294961523
1,64,134217728,1056380,17,4294953948
1,65,136314880,1054693,3545,4294954019
1,66,138412032,1046714,11563,4294962465
1,67,140509184,1047962,28248,4294966413
1,68,142606336,1050801,265,4294965832
1,69,144703488,1058422,6217,4294960573
1,70,146800640,1046719,35983,4294957774
1,71,148897792,1047417,12112,4294953460
1,72,150994944,1049169,2125,4294960723
1,73,153092096,1047581,10309,4294961462
1,74,155189248,1049477,11822,4294961866
1,75,157286400,1047653,19545,4294964980
1,76,159383552,1049607,2373,4294966643
1,77,161480704,1050155,10557,4294965740
1,78,163577856,1047119,15655,4294958430
1,79,165675008,1048536,15147,4294961291
1,80,167772160,1051471,6341,4294962908
1,81,169869312,1051070,389,4294957640
1,82,171966464,1046744,25991,4294960186
1,83,174063616,1047738,23265,4294962866
1,84,176160768,1053311,141,4294966654
1,85,178257920,1050931,6589,4294962210
1,86,180355072,1048846,11687,4294960525
1,87,182452224,1050165,11988,4294949098
1,88,184549376,1051383,4798,4294960957
1,89,186646528,1048363,11674,4294962198
1,90,188743680,1050081,9873,4294965864
1,91,190840832,1050307,2497,4294954755
1,92,192937984,1048868,27357,4294936022
1,93,195035136,1048694,7709,4294963339
1,94,197132288,1049060,2249,4294965522
1,95,199229440,1050472,10433,4294966087
1,96,201326592,1053550,2063,4294961774
1,97,203423744,1051782,10247,4294965926
1,98,205520896,1051122,19483,4294964178
1,99,207618048,1048272,7782,4294962260
1,100,209715200,1047624,7829,4294966207
1,101,211812352,1048503,27419,4294965100
1,102,213909504,1051308,2311,4294965511
1,103,216006656,1056488,6471,4294965085
1,104,218103808,1048060,4302,4294956420
1,105,220200960,1051112,12050,4294956593
1,106,222298112,1049728,6155,4294955599
1,107,224395264,1050616,203,4294965770
1,108,226492416,1047252,3507,4294964110
1,109,228589568,1050387,451,4294967243
1,110,230686720,1046475,23327,4294962408
1,111,232783872,1049247,22288,4294966860
1,112,234881024,1053036,79,4294964599
1,113,236978176,1053228,3607,4294952156
1,114,239075328,1046316,15704,4294960486
1,115,241172480,1048748,11625,4294964416
1,116,243269632,1049020,30155,4294957836
1,117,245366784,1047530,42297,4294957293
1,118,247463936,1053167,6279,4294954825
1,119,249561088,1055079,327,4294965894
1,120,251658240,1048617,10619,4294965802
1,121,253755392,1051370,2435,4294962776
1,122,255852544,1049916,11612,4294960835
1,123,257949696,1049147,19359,4294963597
1,124,260046848,1047015,11641,4294962605
1,125,262144000,1048881,43808,4294956512
1,126,264241152,1048530,2187,4294960785
1,127,266338304,1047618,10371,4294961524
1,128,268435456,1056370,18,4294953949
1,129,270532608,1051851,14650,4294958424
1,130,272629760,1049966,8202,4294960135
1,131,274726912,1050908,3546,4294954576
1,132,276824064,1047125,11564,4294962466
1,133,278921216,1046268,27601,4294962471
1,134,281018368,1047190,20289,4294964527
1,135,283115520,1048866,28249,4294966414
1,136,285212672,1049270,266,4294965482
1,137,287309824,1048405,11314,4294965833
1,138,289406976,1052853,8450,4294960574
1,139,291504128,1051770,6218,4294962895
1,140,293601280,1045622,23638,4294957775
1,141,295698432,1047182,15056,4294952053
1,142,297795584,1048228,15730,4294956060
1,143,299892736,1045486,12113,4294949408
1,144,301989888,1052981,2126,4294960724
1,145,304087040,1048674,4358,4294964342
1,146,306184192,1049186,10310,4294961463
1,147,308281344,1047216,12542,4294953936
1,148,310378496,1047719,7845,4294945406
1,149,312475648,1047886,42055,4294961949
1,150,314572800,1048212,39755,4294958753
1,151,316669952,1047572,19546,4294964981
1,152,318767104,1048094,3917,4294966644
1,153,320864256,1052760,2374,4294965574
1,154,322961408,1052828,7542,4294965741
1,155,325058560,1052144,7638,4294966016
1,156,327155712,1045796,15656,4294954635
1,157,329252864,1044496,22917,4294958431
1,158,331350016,1047412,14865,4294964790
1,159,333447168,1048857,31465,4294962008
1,160,335544320,1049070,8208,4294954888
1,161,337641472,1048254,6342,4294962909
1,162,339738624,1050784,390,4294957641
1,163,341835776,1048770,14526,4294965957
1,164,343932928,1045050,48457,4294961032
1,165,346030080,1047351,23965,4294960187
1,166,348127232,1048252,13130,4294960141
1,167,350224384,1043960,23266,4294962867
1,168,352321536,1050970,142,4294952073
1,169,354418688,1053029,9994,4294966655
1,170,356515840,1050678,8326,4294948216
1,171,358612992,1048217,3670,4294964649
1,172,360710144,1048885,48493,4294960526
1,173,362807296,1047993,11688,4294956280
1,174,364904448,1049453,11989,4294949099
1,175,367001600,1046509,15606,4294957849
1,176,369098752,1052020,4799,4294963912
1,177,371195904,1051929,16081,4294960958
1,178,373293056,1048543,3858,4294965933
1,179,375390208,1047604,11675,4294960751
1,180,377487360,1046927,10682,4294954789
1,181,379584512,1048267,9874,4294965865
1,182,381681664,1050569,2498,4294962396
1,183,383778816,1047028,4234,4294944059
1,184,385875968,1050529,6349,4294956575
1,185,387973120,1048750,18061,4294963026
1,186,390070272,1050421,31931,4294962166
1,187,392167424,1048140,3810,4294963340
1,188,394264576,1050503,4482,4294965523
1,189,396361728,1046049,2250,4294954097
1,190,398458880,1048252,12666,4294966088
1,191,400556032,1048698,10434,4294962421
1,192,402653184,1053249,2064,4294961775
1,193,404750336,1047540,4296,4294947102
1,194,406847488,1047702,11392,4294965927
1,195,408944640,1053008,10248,4294961401
1,196,411041792,1048145,19484,4294966396
1,197,413138944,1049870,26065,4294966928
1,198,415236096,1047065,7783,4294960813
1,199,417333248,1047387,11936,4294966904
1,200,419430400,1047496,7772,4294961601
1,201,421527552,1048279,7830,4294966208
1,202,423624704,1046454,31853,4294965877
1,203,425721856,1047822,26894,4294965101
1,204,427819008,1049615,2312,4294965512
1,205,429916160,1048127,4544,4294953877
1,206,432013312,1051594,6472,4294966150
1,207,434110464,1055553,7600,4294962483
1,208,436207616,1045023,4303,4294960713
1,209,438304768,1046575,5839,4294959364
1,210,440401920,1051735,12051,4294961627
1,211,442499072,1049006,15668,4294961243
1,212,444596224,1048685,6156,4294955600
1,213,446693376,1046977,8388,4294964269
1,214,448790528,1048482,204,4294966741
1,215,450887680,1048406,7620,4294966717
1,216,452984832,1047427,8636,4294951885
1,217,455081984,1048525,3508,4294965018
1,218,457179136,1047616,14588,4294967244
1,219,459276288,1049276,452,4294959118
1,220,461373440,1047242,39597,4294962409
1,221,463470592,1048358,23328,4294957092
1,222,465567744,1045680,7553,4294966861
1,223,467664896,1050737,22289,4294958266
1,224,469762048,1050630,80,4294962705
1,225,471859200,1050664,14712,4294964600
1,226,473956352,1050504,3608,4294954082
1,227,476053504,1050206,8264,4294966323
1,228,478150656,1043665,27303,4294966419
1,229,480247808,1048800,15705,4294957269
1,230,482344960,1045917,28006,4294964554
1,231,484442112,1048388,11626,4294964417
1,232,486539264,1047650,6845,4294952421
1,233,488636416,1045715,40747,4294957837
1,234,490733568,1046541,42298,4294962373
1,235,492830720,1045624,60275,4294960677
1,236,494927872,1054764,6280,4294958333
1,237,497025024,1051050,8512,4294954826
1,238,499122176,1052261,328,4294965544
1,239,501219328,1049189,14464,4294965895
1,240,503316480,1048809,10254,4294938875
1,241,505413632,1046807,7460,4294965803
1,242,507510784,1047421,4172,4294961161
1,243,509607936,1052474,2436,4294967061
1,244,511705088,1049460,11613,4294961963
1,245,513802240,1046719,27544,4294962615
1,246,515899392,1047423,15210,4294963598
1,247,517996544,1049622,31105,4294959698
1,248,520093696,1049118,28254,4294962606
1,249,522190848,1045067,11642,4294965043
1,250,524288000,1048084,42117,4294954342
1,251,526385152,1049181,50888,4294964922
1,252,528482304,1049467,2188,4294960786
1,253,530579456,1049111,4420,4294958543
1,254,532676608,1047969,12604,4294954360
1,255,534773760,1050450,10372,4294961525
1,256,536870912,1058625,19,4294965761
1,257,538968064,1051210,515,4294947473
1,258,541065216,1050988,15142,4294958425
1,259,543162368,1050849,6802,4294965506
1,260,545259520,1049405,8699,4294957149
1,261,547356672,1049637,8203,4294960136
1,262,549453824,1048756,2803,4294966856
1,263,551550976,1051678,1811,4294958835
1,264,553648128,1046680,23391,4294962467
1,265,555745280,1046724,11565,4294964786
1,266,557842432,1048126,13126,4294962472
1,267,559939584,1046878,18057,4294952608
1,268,562036736,1047407,11932,4294966924
1,269,564133888,1047706,19741,4294965014
1,270,566231040,1048070,19049,4294966415
1,271,568328192,1049388,22352,4294962791
1,272,570425344,1051669,271,4294965483
1,273,572522496,1061793,267,4294962661
1,274,574619648,1047933,11315,4294965834
1,275,576716800,1048343,14403,4294965556
1,276,578813952,1050890,397,4294957353
1,277,580911104,1054410,3421,4294963980
1,278,583008256,1052364,3751,4294962896
1,279,585105408,1052563,6715,4294964817
1,280,587202560,1046201,4366,4294965848
1,281,589299712,1045935,23639,4294954156
1,282,591396864,1049142,15057,4294952054
1,283,593494016,1045467,7057,4294950323
1,284,595591168,1047251,42237,4294953475
1,285,597688320,1047710,15731,4294960865
1,286,599785472,1049115,12114,4294956657
1,287,601882624,1046181,32093,4294950219
1,288,603979776,1052627,2127,4294961838
1,289,606076928,1050886,2623,4294960725
1,290,608174080,1047902,4359,4294954307
1,291,610271232,1048247,4855,4294964343
1,292,612368384,1050673,10807,4294957122
1,293,614465536,1050176,10311,4294961464
1,294,616562688,1047243,13039,4294966784
1,295,618659840,1047324,12543,4294948701
1,296,620756992,1049007,7846,4294957046
1,297,622854144,1046811,11115,4294965629
1,298,624951296,1047939,28993,4294961950
1,299,627048448,1045879,42056,4294964761
1,300,629145600,1045763,13249,4294965838
1,301,631242752,1047985,22026,4294956007
1,302,633339904,1049312,19547,4294964982
1,303,635437056,1047353,31737,4294964242
1,304,637534208,1047250,4111,4294966645
1,305,639631360,1050406,3918,4294963972
1,306,641728512,1054564,2871,4294965575
1,307,643825664,1049295,2375,4294964224
1,308,645922816,1052116,6535,4294965742
1,309,648019968,1062139,12295,4294965656
1,310,650117120,1054951,7639,4294966017
1,311,652214272,1050764,15292,4294964200
1,312,654311424,1046205,15388,4294965752
1,313,656408576,1046690,27483,4294965164
1,314,658505728,1046331,12364,4294961448
1,315,660602880,1048167,19766,4294959502
1,316,662700032,1046998,5484,4294966282
1,317,664797184,1047002,10123,4294964791
1,318,666894336,1048075,4492,4294966271
1,319,668991488,1047902,27186,4294961293
1,320,671088640,1050557,401,4294960950
1,321,673185792,1050829,9071,4294960829
1,322,675282944,1050293,6343,4294965383
1,323,677380096,1049205,6839,4294962477
1,324,679477248,1052015,391,4294950339
1,325,681574400,1058818,887,4294965607
1,326,683671552,1048911,14527,4294957657
1,327,685768704,1049632,8072,4294965958
1,328,687865856,1046951,35208,4294956584
1,329,689963008,1045274,11485,4294961033
1,330,692060160,1048165,18316,4294964515
1,331,694157312,1046759,25993,4294954418
1,332,696254464,1048822,20078,4294960142
1,333,698351616,1047477,11152,4294938405
1,334,700448768,1044990,23913,4294965613
1,335,702545920,1046793,16258,4294962868
1,336,704643072,1050893,143,4294962768
1,337,706740224,1052700,639,4294953444
1,338,708837376,1051155,9995,4294966106
1,339,710934528,1050574,10987,4294966656
1,340,713031680,1049150,8327,4294960579
1,341,715128832,1052213,8823,4294956790
1,342,717225984,1049150,15954,4294962212
1,343,719323136,1048611,3671,4294964650
1,344,721420288,1050195,40571,4294963984
1,345,723517440,1045494,7037,4294958961
1,346,725614592,1045256,23515,4294964480
1,347,727711744,1051786,1937,4294961008
1,348,729808896,1049833,11990,4294966934
1,349,731906048,1047623,20005,4294954254
1,350,734003200,1046678,2929,4294966292
1,351,736100352,1046991,15607,4294960550
1,352,738197504,1053145,6223,4294963913
1,353,740294656,1053194,4800,4294963905
1,354,742391808,1072346,16082,4294958806
1,355,744488960,1050927,16149,4294960959
1,356,746586112,1050957,3859,4294965934
1,357,748683264,1050727,52999,4294953216
1,358,750780416,1052231,11676,4294960752
1,359,752877568,1049530,16089,4294960899
1,360,754974720,1048461,10683,4294956502
1,361,757071872,1043491,21899,4294961823
1,362,759169024,1048655,3755,4294965866
1,363,761266176,1049741,12419,4294949112
1,364,763363328,1050872,2499,4294962840
1,365,765460480,1050541,5060,4294952348
1,366,767557632,1046422,4731,4294949876
1,367,769654784,1047561,4235,4294947213
1,368,771751936,1051084,6350,4294952535
1,369,773849088,1053875,6719,4294964778
1,370,775946240,1051359,27359,4294963027
1,371,778043392,1048482,18062,4294953720
1,372,780140544,1049079,28128,4294965908
1,373,782237696,1048924,14917,4294964993
1,374,784334848,1049106,3799,4294963341
1,375,786432000,1046743,11705,4294960271
1,376,788529152,1051455,4483,4294965725
1,377,790626304,1048281,4979,4294965390
1,378,792723456,1047997,2251,4294964960
1,379,794820608,1046307,2747,4294960920
1,380,796917760,1048530,12667,4294958226
1,381,799014912,1047653,13163,4294966089
1,382,801112064,1048072,10435,4294961588
1,383,803209216,1046931,10867,4294962422
1,384,805306368,1052090,2065,4294965857
1,385,807403520,1050686,2561,4294957780
1,386,809500672,1047223,4793,4294952699
1,387,811597824,1046079,4297,4294960780
1,388,813694976,1047481,12481,4294966011
1,389,815792128,1048461,9937,4294965928
1,390,817889280,1051717,10745,4294958526
1,391,819986432,1046553,10249,4294961402
1,392,822083584,1046577,19485,4294937834
1,393,824180736,1049225,4862,4294966397
1,394,826277888,1047018,7346,4294966929
1,395,828375040,1051444,16144,4294965135
1,396,830472192,1046520,11738,4294965852
1,397,832569344,1043890,7784,4294958348
1,398,834666496,1047256,43212,4294962565
1,399,836763648,1045657,11937,4294966905
1,400,838860800,1046576,7612,4294963403
1,401,840957952,1044912,11743,4294961815
1,402,843055104,1049159,23643,4294959754
1,403,845152256,1048592,7831,4294966209
1,404,847249408,1048623,28138,4294966598
1,405,849346560,1044241,39517,4294955841
1,406,851443712,1046184,26895,4294962249
1,407,853540864,1048293,27421,4294965102
1,408,855638016,1048167,2809,4294965513
1,409,857735168,1045406,2313,4294963085
1,410,859832320,1051205,4545,4294965586
1,411,861929472,1050517,5041,4294957663
1,412,864026624,1048994,6604,4294966151
1,413,866123776,1048978,6473,4294951999
1,414,868220928,1049570,7601,4294962581
1,415,870318080,1051805,10929,4294962484
1,416,872415232,1049283,4304,4294960714
1,417,874512384,1044284,7789,4294957597
1,418,876609536,1047262,5840,4294960589
1,419,878706688,1052748,44453,4294959365
1,420,880803840,1051134,13924,4294950157
1,421,882900992,1050196,12052,4294961628
1,422,884998144,1046554,12940,4294959611
1,423,887095296,1048992,15669,4294963462
1,424,889192448,1047306,6157,4294962274
1,425,891289600,1047254,6653,4294957504
1,426,893386752,1048196,8885,4294958379
1,427,895483904,1049911,8389,4294964270
1,428,897581056,1048243,205,4294952731
1,429,899678208,1047309,701,4294966742
1,430,901775360,1051666,11049,4294966718
1,431,903872512,1049166,7621,4294965686
1,432,905969664,1047060,8271,4294948487
1,433,908066816,1046977,9133,4294958218
1,434,910163968,1049445,22537,4294964533
1,435,912261120,1046924,3509,4294965019
1,436,914358272,1048719,14589,4294967245
1,437,916455424,1047148,42917,4294958363
1,438,918552576,1050913,949,4294957704
1,439,920649728,1048884,453,4294960655
1,440,922746880,1045726,70205,4294962410
1,441,924844032,1046495,39598,4294963838
1,442,926941184,1046172,23746,4294944161
1,443,929038336,1047458,23329,4294962930
1,444,931135488,1045047,7554,4294964466
1,445,933232640,1045369,89931,4294966862
1,446,935329792,1045833,27237,4294958267
1,447,937426944,1050800,5906,4294961897
1,448,939524096,1051015,81,4294962706
1,449,941621248,1049456,577,4294960519
1,450,943718400,1047660,14713,4294960000
1,451,945815552,1048957,15246,4294964601
1,452,947912704,1049768,3609,4294964811
1,453,950009856,1048365,17745,4294954083
1,454,952107008,1048094,8265,4294966324
1,455,954204160,1049509,8761,4294948031
1,456,956301312,1045643,13006,4294966420
1,457,958398464,1047975,27304,4294960488
1,458,960495616,1047427,43689,4294966477
1,459,962592768,1051728,12860,4294956830
1,460,964689920,1046063,28007,4294964555
1,461,966787072,1047506,31597,4294963922
1,462,968884224,1044008,23453,4294964418
1,463,970981376,1049716,11627,4294956380
1,464,973078528,1048009,28263,4294957978
1,465,975175680,1048841,6846,4294959923
1,466,977272832,1044242,22152,4294964905
1,467,979369984,1045640,15735,4294954116
1,468,981467136,1047392,14476,4294954206
1,469,983564288,1046174,42299,4294962374
1,470,985661440,1046925,12176,4294965964
1,471,987758592,1045562,60276,4294966046
1,472,989855744,1052039,6281,4294958334
1,473,991952896,1052249,6777,4294953091
1,474,994050048,1055361,9009,4294960637
1,475,996147200,1049080,7106,4294963528
1,476,998244352,1051274,825,4294965545
1,477,1000341504,1047975,329,4294954563
1,478,1002438656,1046391,14465,4294962181
1,479,1004535808,1047435,11377,4294965896
1,480,1006632960,1050220,10255,4294961859
1,481,1008730112,1045800,21837,4294954670
1,482,1010827264,1048028,7461,4294964213
1,483,1012924416,1044836,12853,4294965804
1,484,1015021568,1044982,4173,4294966731
1,485,1017118720,1047941,4669,4294961162
1,486,1019215872,1050803,2437,4294962778
1,487,1021313024,1052802,3926,4294967062
1,488,1023410176,1047268,11614,4294956883
1,489,1025507328,1045574,16027,4294961964
1,490,1027604480,1046713,15719,4294936353
1,491,1029701632,1044003,27545,4294962616
1,492,1031798784,1046106,15211,4294963599
1,493,1033895936,1045921,19361,4294957020
1,494,1035993088,1050283,19846,4294961694
1,495,1038090240,1047882,31106,4294961355
1,496,1040187392,1047179,39818,4294966635
1,497,1042284544,1047760,26447,4294956621
1,498,1044381696,1045043,11643,4294965044
1,499,1046478848,1044924,20133,4294962951
1,500,1048576000,1045719,39631,4294966001
1,501,1050673152,1050048,11942,4294966910
1,502,1052770304,1050320,50889,4294966035
1,503,1054867456,1047323,11886,4294964923
1,504,1056964608,1050548,2189,4294950717
1,505,1059061760,1047542,2685,4294966520
1,506,1061158912,1050337,4917,4294958544
1,507,1063256064,1048350,4421,4294966136
1,508,1065353216,1046937,13101,4294956873
1,509,1067450368,1045987,12605,4294961323
1,510,1069547520,1047839,10373,4294962745
1,511,1071644672,1051644,23144,4294957248
1,512,1073741824,1061331,20,4294965762
1,513,1075838976,1052142,7299,4294953951
1,514,1077936128,1053298,516,4294959182
1,515,1080033280,1047508,14151,4294943402
1,516,1082130432,1051077,15143,4294961842
1,517,1084227584,1048137,28368,4294960746
1,518,1086324736,1048348,6803,4294965507
1,519,1088421888,1047526,3395,4294957934
1,520,1090519040,1050440,8700,4294957150
1,521,1092616192,1045559,15652,4294964146
1,522,1094713344,1051026,8204,4294962207
1,523,1096810496,1046012,9870,4294940950
1,524,1098907648,1051131,2804,4294965923
1,525,1101004800,1046820,32319,4294966857
1,526,1103101952,1052261,1812,4294964596
1,527,1105199104,1047714,16046,4294958836
1,528,1107296256,1049960,19278,4294962468
1,529,1109393408,1048551,15053,4294962892
1,530,1111490560,1049193,2627,4294947459
1,531,1113587712,1050924,2887,4294964787
1,532,1115684864,1047015,2899,4294962473
1,533,1117782016,1049210,3619,4294958034
1,534,1119879168,1046962,10825,4294957078
1,535,1121976320,1046692,18058,4294961584
1,536,1124073472,1045611,11933,4294966925
1,537,1126170624,1045969,19790,4294955837
1,538,1128267776,1046978,7617,4294966738
1,539,1130364928,1048250,7089,4294965015
1,540,1132462080,1046550,27300,4294966416
1,541,1134559232,1047444,19050,4294962370
1,542,1136656384,1048455,22353,4294952555
1,543,1138753536,1052410,28251,4294962792
1,544,1140850688,1051908,272,4294966805
1,545,1142947840,1048577,18054,4294965011
1,546,1145044992,1064016,268,4294962662
1,547,1147142144,1047585,4363,4294960862
1,548,1149239296,1046612,11316,4294966781
1,549,1151336448,1045276,22023,4294965835
1,550,1153433600,1049141,7660,4294965557
1,551,1155530752,1043997,20861,4294961445
1,552,1157627904,1051032,398,4294964333
1,553,1159725056,1045690,23397,4294957354
1,554,1161822208,1052118,8948,4294960576
1,555,1163919360,1048761,3422,4294963981
1,556,1166016512,1052688,6220,4294962897
1,557,1168113664,1047636,3752,4294961820
1,558,1170210816,1050567,6716,4294962666
1,559,1172307968,1046915,19624,4294964818
1,560,1174405120,1047428,4367,4294960777
1,561,1176502272,1046847,4859,4294965849
1,562,1178599424,1043913,19809,4294956406
1,563,1180696576,1046466,32039,4294965583
1,564,1182793728,1049058,11748,4294959428
1,565,1184890880,1046830,15058,4294949946
1,566,1186988032,1046343,6895,4294964347
1,567,1189085184,1044646,5903,4294963835
1,568,1191182336,1047000,43516,4294954009
1,569,1193279488,1048082,42238,4294966474
1,570,1195376640,1049320,15732,4294964902
1,571,1197473792,1047088,46529,4294962125
1,572,1199570944,1048759,12115,4294957323
1,573,1201668096,1045021,31961,4294961691
1,574,1203765248,1046932,11883,4294966032
1,575,1205862400,1046528,26185,4294956325
1,576,1207959552,1053274,2128,4294961839
1,577,1210056704,1047765,32173,4294957129
1,578,1212153856,1051632,2624,4294958574
1,579,1214251008,1049246,23719,4294962367
1,580,1216348160,1048845,4360,4294958829
1,581,1218445312,1046112,14221,4294956784
1,582,1220542464,1046730,4856,4294964344
1,583,1222639616,1046941,27452,4294944652
1,584,1224736768,1049265,10811,4294962364
1,585,1226833920,1058717,10808,4294958589
1,586,1228931072,1046391,27397,4294958592
1,587,1231028224,1053467,10312,4294961465
1,588,1233125376,1047923,10957,4294966403
1,589,1235222528,1049982,11456,4294966785
1,590,1237319680,1044493,23696,4294955686
1,591,1239416832,1047924,12544,4294962685
1,592,1241513984,1046603,14734,4294957047
1,593,1243611136,1046302,7847,4294966512
1,594,1245708288,1044768,11116,4294958595
1,595,1247805440,1046181,11801,4294966161
1,596,1249902592,1045305,27768,4294953341
1,597,1251999744,1049196,27400,4294961951
1,598,1254096896,1045944,42057,4294962325
1,599,1256194048,1047018,12000,4294966980
1,600,1258291200,1049941,13250,4294965839
1,601,1260388352,1044530,90434,4294960371
1,602,1262485504,1048822,10315,4294966992
1,603,1264582656,1049725,23025,4294961468
1,604,1266679808,1049188,14907,4294964983
1,605,1268776960,1046540,14984,4294962056
1,606,1270874112,1047662,26821,4294964243
1,607,1272971264,1047524,11077,4294966460
1,608,1275068416,1046858,4112,4294966646
1,609,1277165568,1045237,23651,4294959808
1,610,1279262720,1053188,4608,4294963973
1,611,1281359872,1046134,3919,4294965994
1,612,1283457024,1054441,2872,4294965576
1,613,1285554176,1049112,7517,4294956636
1,614,1287651328,1046819,2376,4294964225
1,615,1289748480,1048221,12488,4294963148
1,616,1291845632,1050914,6536,4294965743
1,617,1293942784,1050003,12792,4294965192
1,618,1296039936,1049690,10003,4294965657
1,619,1298137088,1061878,12296,4294966788
1,620,1300234240,1050028,13619,4294963271
1,621,1302331392,1054153,7640,4294966018
1,622,1304428544,1046292,15293,4294958114
1,623,1306525696,1053381,21776,4294964201
1,624,1308622848,1048096,15658,4294958485
1,625,1310720000,1045467,15389,4294965753
1,626,1312817152,1047873,27484,4294965165
1,627,1314914304,1046496,26314,4294966608
1,628,1317011456,1045698,12365,4294961449
1,629,1319108608,1046617,13357,4294960494
1,630,1321205760,1045576,19767,4294936173
1,631,1323302912,1045877,23814,4294965941
1,632,1325400064,1050322,7469,4294966283
1,633,1327497216,1048696,5485,4294963955
1,634,1329594368,1044564,10124,4294964792
1,635,1331691520,1050296,15150,4294965975
1,636,1333788672,1046094,4493,4294966272
1,637,1335885824,1048664,7894,4294966114
1,638,1337982976,1046774,27187,4294959817
1,639,1340080128,1049179,31467,4294961294
1,640,1342177280,1055013,402,4294954890
1,641,1344274432,1046562,14737,4294965888
1,642,1346371584,1048692,9072,4294964521
1,643,1348468736,1049190,9746,4294960830
1,644,1350565888,1046578,7425,4294964337
1,645,1352663040,1049897,6344,4294965384
1,646,1354760192,1046289,23734,4294962478
1,647,1356857344,1053984,6840,4294957166
1,648,1358954496,1050795,392,4294956150
1,649,1361051648,1048039,3378,4294965363
1,650,1363148800,1058787,888,4294965608
1,651,1365245952,1048307,23431,4294956961
1,652,1367343104,1048061,7850,4294962576
1,653,1369440256,1047740,14528,4294962925
1,654,1371537408,1047296,20103,4294965959
1,655,1373634560,1048313,8073,4294966515
1,656,1375731712,1047486,43548,4294965918
1,657,1377828864,1047751,28494,4294962442
1,658,1379926016,1045216,56540,4294966507
1,659,1382023168,1042806,11486,4294966603
1,660,1384120320,1045447,36217,4294965883
1,661,1386217472,1046754,18317,4294949559
1,662,1388314624,1046838,15269,4294953776
1,663,1390411776,1046260,11119,4294954419
1,664,1392508928,1050115,20055,4294960564
1,665,1394606080,1048177,39537,4294954524
1,666,1396703232,1050541,6909,4294966164
1,667,1398800384,1044654,11153,4294938406
1,668,1400897536,1047105,23914,4294960597
1,669,1402994688,1046189,28550,4294965614
1,670,1405091840,1043680,11804,4294965633
1,671,1407188992,1049961,6929,4294957901
1,672,1409286144,1052546,144,4294962769
1,673,1411383296,1045486,31649,4294958021
1,674,1413480448,1052748,640,4294953445
1,675,1415577600,1047808,11438,4294962242
1,676,1417674752,1045911,9996,4294966107
1,677,1419771904,1051544,12984,4294957235
1,678,1421869056,1048197,10988,4294958039
1,679,1423966208,1050375,14776,4294966657
1,680,1426063360,1051380,8328,4294966387
1,681,1428160512,1045731,29352,4294964935
1,682,1430257664,1050232,8824,4294956791
1,683,1432354816,1047603,28411,4294957276
1,684,1434451968,1043930,15778,4294962213
1,685,1436549120,1048089,15955,4294950424
1,686,1438646272,1046763,19500,4294962631
1,687,1440743424,1049522,3672,4294964651
1,688,1442840576,1046496,40572,4294961973
1,689,1444937728,1049729,6794,4294963985
1,690,1447034880,1050138,6786,4294965052
1,691,1449132032,1046111,28070,4294964618
1,692,1451229184,1045061,23516,4294962882
1,693,1453326336,1043053,30532,4294964481
1,694,1455423488,1054036,1938,4294961009
1,695,1457520640,1049636,15519,4294956643
1,696,1459617792,1049864,12039,4294956893
1,697,1461714944,1049344,11991,4294966983
1,698,1463812096,1047202,43752,4294961169
1,699,1465909248,1046357,20006,4294960115
1,700,1468006400,1047327,2930,4294966197
1,701,1470103552,1047332,36482,4294966483
1,702,1472200704,1043293,15608,4294964301
1,703,1474297856,1047250,23241,4294964765
1,704,1476395008,1053462,6224,4294962901
1,705,1478492160,1050269,31846,4294963914
1,706,1480589312,1055798,4801,4294963906
1,707,1482686464,1049256,4809,4294958260
1,708,1484783616,1051123,45987,4294965842
1,709,1486880768,1072089,16083,4294958867
1,710,1488977920,1050132,16150,4294960960
1,711,1491075072,1049645,27716,4294966130
1,712,1493172224,1046665,3860,4294962201
1,713,1495269376,1049864,27608,4294965935
1,714,1497366528,1046999,53000,4294953217
1,715,1499463680,1051010,24463,4294953781
1,716,1501560832,1052575,11677,4294960981
1,717,1503657984,1045557,23053,4294965201
1,718,1505755136,1049528,12874,4294958287
1,719,1507852288,1047116,38794,4294962027
1,720,1509949440,1048999,10318,4294964541
1,721,1512046592,1048317,23592,4294955519
1,722,1514143744,1047073,21900,4294966995
1,723,1516240896,1043807,22030,4294961824
1,724,1518338048,1048208,3756,4294965867
1,725,1520435200,1045986,9876,4294958184
1,726,1522532352,1045583,19640,4294953505
1,727,1524629504,1049474,7524,4294949113
1,728,1526726656,1047855,47424,4294964913
1,729,1528823808,1051516,2500,4294962341
1,730,1530920960,1047676,15684,4294958503
1,731,1533018112,1053855,5061,4294967125
1,732,1535115264,1049511,4732,4294956167
1,733,1537212416,1045183,31834,4294961225
1,734,1539309568,1047286,4236,4294941287
1,735,1541406720,1047327,35269,4294956836
1,736,1543503872,1052817,6351,4294962859
1,737,1545601024,1047055,6863,4294950133
1,738,1547698176,1055345,6720,4294964986
1,739,1549795328,1045881,15712,4294957955
1,740,1551892480,1053823,27749,4294963028
1,741,1553989632,1061948,27360,4294962918
1,742,1556086784,1049630,18063,4294952953
1,743,1558183936,1048425,36203,4294953721
1,744,1560281088,1046361,28129,4294943837
1,745,1562378240,1049600,27426,4294965909
1,746,1564475392,1046926,14918,4294964994
1,747,1566572544,1050476,60120,4294961555
1,748,1568669696,1049430,3800,4294963342
1,749,1570766848,1047774,7712,4294965031
1,750,1572864000,1047984,15885,4294965107
1,751,1574961152,1046316,11706,4294962059
1,752,1577058304,1047662,31457,4294965726
1,753,1579155456,1054854,4484,4294965717
1,754,1581252608,1050751,4676,4294964033
1,755,1583349760,1049585,4980,4294965391
1,756,1585446912,1046844,2252,4294959563
1,757,1587544064,1048728,22719,4294964961
1,758,1589641216,1049454,2748,4294958698
1,759,1591738368,1044393,24338,4294960921
1,760,1593835520,1050739,12668,4294962759
1,761,1595932672,1048145,27890,4294961436
1,762,1598029824,1047574,13164,4294966090
1,763,1600126976,1049280,13838,4294956802
1,764,1602224128,1050840,27078,4294967051
1,765,1604321280,1051343,4936,4294967039
1,766,1606418432,1045334,40004,4294966463
1,767,1608515584,1050619,10868,4294962423
1,768,1610612736,1055065,2066,4294961777
1,769,1612709888,1048758,20483,4294965858
1,770,1614807040,1046065,7024,4294966649
1,771,1616904192,1053543,2562,4294961519
1,772,1619001344,1044877,11818,4294966409
1,773,1621098496,1048283,4794,4294965518
1,774,1623195648,1045314,4298,4294941349
1,775,1625292800,1045694,14159,4294960781
1,776,1627389952,1047147,18958,4294958420
1,777,1629487104,1052105,12482,4294966012
1,778,1631584256,1048709,9938,4294964645
1,779,1633681408,1047234,19206,4294965929
1,780,1635778560,1052522,10746,4294958527
1,781,1637875712,1047837,23654,4294958764
1,782,1639972864,1044325,27335,4294936394
1,783,1642070016,1049791,10250,4294961403
1,784,1644167168,1050957,15647,4294957890
1,785,1646264320,1046486,24005,4294963976
1,786,1648361472,1048679,4871,4294966398
1,787,1650458624,1052070,4611,4294965652
1,788,1652555776,1049107,7347,4294965603
1,789,1654652928,1046783,10963,4294966930
1,790,1656750080,1055205,16145,4294958802
1,791,1658847232,1047498,12809,4294965136
1,792,1660944384,1044034,43483,4294965853
1,793,1663041536,1049343,11739,4294961570
1,794,1665138688,1045094,7785,4294965298
1,795,1667235840,1044957,15173,4294941240
1,796,1669332992,1045144,43213,4294962566
1,797,1671430144,1046995,54856,4294962177
1,798,1673527296,1045436,3922,4294962263
1,799,1675624448,1046919,11938,4294966906
1,800,1677721600,1048389,2383,4294961603
1,801,1679818752,1049855,2875,4294963404
1,802,1681915904,1046543,19734,4294961816
1,803,1684013056,1045283,11744,4294965579
1,804,1686110208,1050856,23644,4294961617
1,805,1688207360,1047124,38088,4294959755
1,806,1690304512,1048479,13615,4294966210
1,807,1692401664,1049780,7832,4294962230
1,808,1694498816,1047665,6413,4294952298
1,809,1696595968,1047625,19897,4294966599
1,810,1698693120,1044904,32439,4294955842
1,811,1700790272,1048377,15515,4294956639
1,812,1702887424,1044969,18125,4294962250
1,813,1704984576,1046656,6032,4294948937
1,814,1707081728,1048294,27422,4294965103
1,815,1709178880,1047957,27811,4294964626
1,816,1711276032,1049537,2318,4294965514
1,817,1713373184,1045789,24096,4294964561
1,818,1715470336,1047317,2379,4294963086
1,819,1717567488,1048276,2314,4294964496
1,820,1719664640,1046993,19995,4294959553
1,821,1721761792,1052049,4546,4294965587
1,822,1723858944,1046752,5042,4294965453
1,823,1725956096,1049918,32043,4294959629
1,824,1728053248,1046657,6605,4294960820
1,825,1730150400,1051306,12491,4294966152
1,826,1732247552,1048050,12730,4294950596
1,827,1734344704,1045827,6474,4294962720
1,828,1736441856,1050781,2444,4294962582
1,829,1738539008,1046805,19795,4294960395
1,830,1740636160,1046667,15467,4294958052
1,831,1742733312,1054167,10930,4294962485
1,832,1744830464,1051896,4305,4294965792
1,833,1746927616,1047346,5297,4294965537
1,834,1749024768,1044975,6539,4294957598
1,835,1751121920,1044086,7547,4294956344
1,836,1753219072,1046586,5841,4294966265
1,837,1755316224,1049040,6833,4294960590
1,838,1757413376,1053667,28228,4294963397
1,839,1759510528,1047664,28017,4294958314
1,840,1761607680,1048484,11877,4294964327
1,841,1763704832,1048462,13925,4294966071
1,842,1765801984,1046567,20049,4294961629
1,843,1767899136,1050227,12053,4294965195
1,844,1769996288,1049609,12795,4294959612
1,845,1772093440,1046020,20043,4294964746
1,846,1774190592,1045475,14411,4294961245
1,847,1776287744,1049430,31523,4294963463
1,848,1778384896,1053027,6158,4294958681
1,849,1780482048,1046767,14957,4294963520
1,850,1782579200,1047454,12748,4294965660
1,851,1784676352,1050082,3734,4294964713
1,852,1786773504,1045591,13965,4294954189
1,853,1788870656,1049042,8886,4294958380
1,854,1790967808,1051182,8390,4294965318
1,855,1793064960,1047311,16193,4294964450
1,856,1795162112,1052330,206,4294964752
1,857,1797259264,1044448,20673,4294965783
1,858,1799356416,1048439,13061,4294964949
1,859,1801453568,1051085,702,4294966791
1,860,1803550720,1050433,11050,4294965773
1,861,1805647872,1052744,20918,4294966719
1,862,1807745024,1062128,4550,4294965591
1,863,1809842176,1049983,10058,4294966217
1,864,1811939328,1046924,8272,4294955936
1,865,1814036480,1045315,13622,4294961801
1,866,1816133632,1050153,9808,4294965457
1,867,1818230784,1046586,9134,4294960460
1,868,1820327936,1046615,47294,4294962540
1,869,1822425088,1050068,6922,4294964534
1,870,1824522240,1048824,3510,4294965020
1,871,1826619392,1044112,27170,4294956528
1,872,1828716544,1051615,2509,4294967246
1,873,1830813696,1047268,3517,4294957720
1,874,1832910848,1046921,7643,4294966021
1,875,1835008000,1049075,32226,4294961916
1,876,1837105152,1049146,6899,4294961716
1,877,1839202304,1053708,950,4294957705
1,878,1841299456,1052886,454,4294965414
1,879,1843396608,1045936,11574,4294945745
1,880,1845493760,1044305,32121,4294962411
1,881,1847590912,1048220,12932,4294950357
1,882,1849688064,1047096,19145,4294964099
1,883,1851785216,1048376,4742,4294963847
1,884,1853882368,1044836,23747,4294940161
1,885,1855979520,1046829,27048,4294948373
1,886,1858076672,1046128,15296,4294962931
1,887,1860173824,1046782,23330,4294957963
1,888,1862270976,1047729,4750,4294964204
1,889,1864368128,1047750,26867,4294964467
1,890,1866465280,1050130,13548,4294965812
1,891,1868562432,1045500,39494,4294966863
1,892,1870659584,1045735,56090,4294958268
1,893,1872756736,1044088,27238,4294961743
1,894,1874853888,1047674,5907,4294962550
1,895,1876951040,1052754,10995,4294950187
1,896,1879048192,1054882,82,4294962707
1,897,1881145344,1046950,15661,4294954013
1,898,1883242496,1047754,14896,4294960520
1,899,1885339648,1049544,578,4294947536
1,900,1887436800,1048801,7585,4294954872
1,901,1889533952,1048187,14783,4294960001
1,902,1891631104,1046559,15247,4294964602
1,903,1893728256,1049417,31623,4294958488
1,904,1895825408,1044216,18190,4294965756
1,905,1897922560,1052892,3610,4294958321
1,906,1900019712,1048577,17746,4294960824
1,907,1902116864,1046989,16096,4294954640
1,908,1904214016,1044185,23114,4294961810
1,909,1906311168,1048664,8266,4294966325
1,910,1908408320,1048781,8762,4294932348
1,911,1910505472,1047029,20109,4294956868
1,912,1912602624,1047964,12495,4294965092
1,913,1914699776,1046754,20353,4294966421
1,914,1916796928,1048249,30664,4294966156
1,915,1918894080,1047629,13230,4294960489
1,916,1920991232,1048559,44611,4294962571
1,917,1923088384,1046647,43690,4294966478
1,918,1925185536,1048723,13853,4294956831
1,919,1927282688,1051343,12861,4294965712
1,920,1929379840,1045163,26317,4294950457
1,921,1931476992,1044497,28008,4294964556
1,922,1933574144,1048490,36610,4294964691
1,923,1935671296,1045994,31598,4294964094
1,924,1937768448,1045896,27617,4294964419
1,925,1939865600,1045107,23454,4294966611
1,926,1941962752,1049874,11628,4294960619
1,927,1944059904,1048572,35677,4294960356
1,928,1946157056,1051560,12368,4294961452
1,929,1948254208,1045773,27881,4294964429
1,930,1950351360,1046372,6855,4294951679
1,931,1952448512,1048705,6847,4294959924
1,932,1954545664,1045532,24226,4294960870
1,933,1956642816,1044604,22153,4294964906
1,934,1958739968,1045991,15736,4294954117
1,935,1960837120,1044451,23702,4294937950
1,936,1962934272,1047308,14477,4294958436
1,937,1965031424,1045909,15794,4294947239
1,938,1967128576,1045649,47514,4294946342
1,939,1969225728,1046255,42300,4294962375
1,940,1971322880,1045276,48830,4294965965
1,941,1973420032,1048167,12177,4294962825
1,942,1975517184,1044921,60277,4294960170
1,943,1977614336,1046311,13360,4294966047
1,944,1979711488,1048241,6478,4294951655
1,945,1981808640,1051272,6282,4294964369
1,946,1983905792,1050241,6778,4294953092
1,947,1986002944,1046922,7486,4294952663
1,948,1988100096,1048709,26548,4294956311
1,949,1990197248,1049499,9010,4294960638
1,950,1992294400,1050240,7107,4294962129
1,951,1994391552,1046767,19055,4294963529
1,952,1996488704,1051422,826,4294965546
1,953,1998585856,1048713,22411,4294964893
1,954,2000683008,1045992,31920,4294959506
1,955,2002780160,1047132,330,4294962724
1,956,2004877312,1048531,14466,4294965619
1,957,2006974464,1042859,36554,4294965944
1,958,2009071616,1047154,28555,4294965897
1,959,2011168768,1047338,11378,4294966664
1,960,2013265920,1051975,2448,4294967185
1,961,2015363072,1047814,14212,4294961860
1,962,2017460224,1044341,3456,4294956251
1,963,2019557376,1048698,21838,4294950588
1,964,2021654528,1050321,5494,4294964214
1,965,2023751680,1048759,11146,4294966286
1,966,2025848832,1045363,7606,4294965805
1,967,2027945984,1047819,12854,4294962739
1,968,2030043136,1046452,4174,4294966732
1,969,2032140288,1044304,15897,4294963469
1,970,2034237440,1046366,3981,4294962586
1,971,2036334592,1051579,4670,4294948982
1,972,2038431744,1050060,2438,4294963958
1,973,2040528896,1049276,2960,4294962779
1,974,2042626048,1050837,15622,4294949992
1,975,2044723200,1059434,2940,4294967111
1,976,2046820352,1049211,11615,4294962942
1,977,2048917504,1045760,11809,4294962033
1,978,2051014656,1043247,38732,4294967117
1,979,2053111808,1044929,16028,4294965644
1,980,2055208960,1047659,15720,4294962691
1,981,2057306112,1044445,43577,4294954699
1,982,2059403264,1045179,10127,4294949375
1,983,2061500416,1045899,27546,4294964795
1,984,2063597568,1049120,3742,4294963600
1,985,2065694720,1044408,43620,4294964854
1,986,2067791872,1045910,14929,4294956352
1,987,2069889024,1047715,19362,4294957021
1,988,2071986176,1053929,19799,4294962072
1,989,2074083328,1047858,28024,4294958453
1,990,2076180480,1047216,31107,4294960468
1,991,2078277632,1045229,31529,4294965978
1,992,2080374784,1047993,4496,4294966636
1,993,2082471936,1044258,39819,4294962608
1,994,2084569088,1051194,20868,4294966275
1,995,2086666240,1044279,28256,4294960243
1,996,2088763392,1045407,11644,4294949818
1,997,2090860544,1050650,19610,4294965356
1,998,2092957696,1044595,20134,4294957906
1,999,2095054848,1048442,15471,4294962952
1,1000,2097152000,1048203,23309,4294966002
1,1001,2099249152,1047110,24317,4294958056
1,1002,2101346304,1050677,19084,4294964866
1,1003,2103443456,1047204,11943,4294966911
1,1004,2105540608,1047467,23273,4294966036
1,1005,2107637760,1049796,7897,4294964393
1,1006,2109734912,1047246,11863,4294966117
1,1007,2111832064,1045441,43607,4294966529
1,1008,2113929216,1053954,2190,4294947794
1,1009,2116026368,1048436,13487,4294959820
1,1010,2118123520,1045956,15045,4294960788
1,1011,2120220672,1050196,2686,4294966521
1,1012,2122317824,1050081,4918,4294964406
1,1013,2124414976,1047189,27514,4294958545
1,1014,2126512128,1045882,14283,4294966137
1,1015,2128609280,1050575,4422,4294965121
1,1016,2130706432,1047414,13102,4294960361
1,1017,2132803584,1047632,19330,4294961682
1,1018,2134900736,1045481,27828,4294958207
1,1019,2136997888,1047862,12606,4294961324
1,1020,2139095040,1050714,10374,4294961527
1,1021,2141192192,1046261,23757,4294962746
1,1022,2143289344,1048388,11516,4294956905
1,1023,2145386496,1056032,10934,4294958714
1,1024,2147483648,1069669,21,4294967253
1,1025,2149580800,1054977,1685,4294965796
1,1026,2151677952,1052696,2772,4294961457
1,1027,2153775104,1049302,6962,4294953952
1,1028,2155872256,1053452,517,4294960719
1,1029,2157969408,1051442,3253,4294962194
1,1030,2160066560,1048081,11756,4294953349
1,1031,2162163712,1048813,11621,4294945808
1,1032,2164260864,1050645,28269,4294961843
1,1033,2166358016,1048237,15144,4294961075
1,1034,2168455168,1048947,20365,4294952069
1,1035,2170552320,1049477,39547,4294960954
1,1036,2172649472,1052975,6804,4294965508
1,1037,2174746624,1046668,14653,4294965489
1,1038,2176843776,1050390,3396,4294965891
1,1039,2178940928,1047288,20128,4294963594
1,1040,2181038080,1048532,8335,4294964524
1,1041,2183135232,1051649,9327,4294945510
1,1042,2185232384,1047140,24038,4294959953
1,1043,2187329536,1045146,15653,4294964147
1,1044,2189426688,1049544,8205,4294960703
1,1045,2191523840,1050416,8967,4294962208
1,1046,2193620992,1045223,9871,4294958282
1,1047,2195718144,1047181,10863,4294943146
1,1048,2197815296,1049764,3549,4294965924
1,1049,2199912448,1049183,2805,4294965098
1,1050,2202009600,1048766,30461,4294956591
1,1051,2204106752,1047323,15585,4294966858
1,1052,2206203904,1048769,3629,4294964597
1,1053,2208301056,1052219,1813,4294965541
1,1054,2210398208,1051743,16023,4294962774
1,1055,2212495360,1047319,13731,4294958837
1,1056,2214592512,1050231,6543,4294951837
1,1057,2216689664,1049418,20287,4294964547
1,1058,2218786816,1046241,19620,4294962893
1,1059,2220883968,1046690,15054,4294949221
1,1060,2222981120,1051618,2628,4294964340
1,1061,2225078272,1046055,11797,4294940899
1,1062,2227175424,1054523,2888,4294948775
1,1063,2229272576,1045288,19243,4294964788
1,1064,2231369728,1045377,2900,4294962474
1,1065,2233466880,1045513,13128,4294961030
1,1066,2235564032,1048994,3620,4294958035
1,1067,2237661184,1047636,44345,4294957847
1,1068,2239758336,1048588,27604,4294963902
1,1069,2241855488,1047215,10826,4294962394
1,1070,2243952640,1048335,6347,4294963024
1,1071,2246049792,1047153,18888,4294965387
1,1072,2248146944,1046307,23582,4294961133
1,1073,2250244096,1046257,11934,4294966926
1,1074,2252341248,1045419,7770,4294965875
1,1075,2254438400,1046573,19791,4294966148
1,1076,2256535552,1045843,19743,4294961625
1,1077,2258632704,1045385,7618,4294966739
1,1078,2260729856,1048122,7090,4294965016
1,1079,2262827008,1046454,7551,4294950353
1,1080,2264924160,1046983,32377,4294966321
1,1081,2267021312,1045760,27301,4294966417
1,1082,2269118464,1045419,6843,4294962371
1,1083,2271215616,1052472,19051,4294958331
1,1084,2273312768,1046766,5970,4294952556
1,1085,2275409920,1047580,22987,4294961961
1,1086,2277507072,1049030,28252,4294965041
1,1087,2279604224,1051293,56665,4294950714
1,1088,2281701376,1051706,273,4294965485
1,1089,2283798528,1049499,1809,4294966806
1,1090,2285895680,1047295,18055,4294958031
1,1091,2287992832,1045497,19047,4294965012
1,1092,2290089984,1062959,269,4294953334
1,1093,2292187136,1054634,395,4294962663
1,1094,2294284288,1047530,4364,4294956482
1,1095,2296381440,1046526,31958,4294960863
1,1096,2298478592,1047035,5845,4294961836
1,1097,2300575744,1049808,11317,4294966782
1,1098,2302672896,1044593,11113,4294962322
1,1099,2304770048,1046818,22024,4294965836
1,1100,2306867200,1047588,3381,4294964222
1,1101,2308964352,1052246,7661,4294965558
1,1102,2311061504,1045183,29002,4294965750
1,1103,2313158656,1044916,10121,4294966269
1,1104,2315255808,1052674,399,4294964334
1,1105,2317352960,1058018,891,4294956302
1,1106,2319450112,1045144,11483,4294957355
1,1107,2321547264,1049194,16256,4294965611
1,1108,2323644416,1053185,645,4294958443
1,1109,2325741568,1050705,8459,4294960577
1,1110,2327838720,1046905,1935,4294963982
1,1111,2329935872,1049232,2927,4294956890
1,1112,2332033024,1053317,6221,4294962898
1,1113,2334130176,1051079,18181,4294953858
1,1114,2336227328,1046616,3753,4294961821
1,1115,2338324480,1046445,14225,4294962338
1,1116,2340421632,1050692,6717,4294933024
1,1117,2342518784,1047023,22861,4294962667
1,1118,2344615936,1049260,19625,4294964958
1,1119,2346713088,1046601,26737,4294964819
1,1120,2348810240,1047864,4368,4294960778
1,1121,2350907392,1047092,27700,4294966009
1,1122,2353004544,1048782,4860,4294965133
1,1123,2355101696,1044336,19987,4294965850
1,1124,2357198848,1045717,7853,4294963401
1,1125,2359296000,1045622,28136,4294962247
1,1126,2361393152,1045756,13765,4294965584
1,1127,2363490304,1047142,28160,4294964684
1,1128,2365587456,1052955,11749,4294960587
1,1129,2367684608,1049691,29578,4294955474
1,1130,2369781760,1047446,14531,4294957502
1,1131,2371878912,1048952,15059,4294965684
1,1132,2373976064,1045323,28357,4294964348
1,1133,2376073216,1048418,6896,4294960653
1,1134,2378170368,1046796,83298,4294963836
1,1135,2380267520,1042680,5904,4294949894
1,1136,2382364672,1047040,43517,4294954010
1,1137,2384461824,1047390,15846,4294962085
1,1138,2386558976,1049589,13004,4294966475
1,1139,2388656128,1046584,36607,4294962448
1,1140,2390753280,1048078,6852,4294964903
1,1141,2392850432,1048701,39300,4294965962
1,1142,2394947584,1050312,7104,4294963526
1,1143,2397044736,1044482,43826,4294956063
1,1144,2399141888,1049080,15283,4294961857
1,1145,2401239040,1048340,8076,4294966729
1,1146,2403336192,1043820,46918,4294941888
1,1147,2405433344,1046175,19844,4294961692
1,1148,2407530496,1046515,26445,4294966633
1,1149,2409627648,1046636,11884,4294966033
1,1150,2411724800,1049859,11443,4294966518
1,1151,2413821952,1046798,13749,4294961321
1,1152,2415919104,1053339,2129,4294946644
1,1153,2418016256,1047331,31505,4294961840
1,1154,2420113408,1046620,39888,4294960181
1,1155,2422210560,1047375,20806,4294965921
1,1156,2424307712,1053110,2625,4294962890
1,1157,2426404864,1046143,3617,4294958575
1,1158,2428502016,1047063,39018,4294964942
1,1159,2430599168,1051917,23720,4294962368
1,1160,2432696320,1047773,4361,4294958830
1,1161,2434793472,1046097,13778,4294956605
1,1162,2436890624,1047324,14770,4294964331
1,1163,2438987776,1045605,14222,4294960844
1,1164,2441084928,1047800,4857,4294953181
1,1165,2443182080,1045913,5901,4294964345
1,1166,2445279232,1049796,39297,4294962445
1,1167,2447376384,1046145,11881,4294966030
1,1168,2449473536,1049492,10446,4294962365
1,1169,2451570688,1045948,55047,4294956782
1,1170,2453667840,1058129,10809,4294958590
1,1171,2455764992,1049038,11454,4294960235
1,1172,2457862144,1042790,39621,4294966510
1,1173,2459959296,1045079,27398,4294957399
1,1174,2462056448,1051949,10313,4294961466
1,1175,2464153600,1045393,11075,4294961200
1,1176,2466250752,1047622,10958,4294966404
1,1177,2468347904,1047977,19269,4294962225
1,1178,2470445056,1049747,10001,4294966786
1,1179,2472542208,1050966,11489,4294958112
1,1180,2474639360,1046054,26956,4294966606
1,1181,2476736512,1044737,23697,4294955687
1,1182,2478833664,1047816,12545,4294966075
1,1183,2480930816,1045679,13675,4294966112
1,1184,2483027968,1048546,12105,4294965886
1,1185,2485125120,1044993,38600,4294957048
1,1186,2487222272,1045618,51560,4294956959
1,1187,2489319424,1045843,7848,4294966513
1,1188,2491416576,1044512,43546,4294965916
1,1189,2493513728,1045115,11117,4294958407
1,1190,2495610880,1047656,20053,4294966162
1,1191,2497708032,1047050,11802,4294965631
1,1192,2499805184,1047098,13981,4294953342
1,1193,2501902336,1047364,27769,4294947560
1,1194,2503999488,1048364,28409,4294961952
1,1195,2506096640,1045497,27401,4294962629
1,1196,2508193792,1046723,44540,4294961971
1,1197,2510290944,1047502,18320,4294962880
1,1198,2512388096,1046788,12001,4294966981
1,1199,2514485248,1045330,40271,4294964763
1,1200,2516582400,1051909,12989,4294956561
1,1201,2518679552,1049770,16208,4294966128
1,1202,2520776704,1044996,30144,4294962677
1,1203,2522873856,1045343,31690,4294965199
1,1204,2524971008,1050468,10316,4294966993
1,1205,2527068160,1045087,15904,4294956189
1,1206,2529165312,1050312,7410,4294967123
1,1207,2531262464,1046901,42955,4294961223
1,1208,2533359616,1045564,14908,4294964984
1,1209,2535456768,1051548,24044,4294950373
1,1210,2537553920,1045954,15835,4294932204
1,1211,2539651072,1046095,14985,4294962057
1,1212,2541748224,1047204,4926,4294965331
1,1213,2543845376,1047734,26822,4294959561
1,1214,2545942528,1049656,44837,4294960381
1,1215,2548039680,1050872,5426,4294967049
1,1216,2550136832,1051055,4113,4294966647
1,1217,2552233984,1045384,7593,4294966407
1,1218,2554331136,1049003,27689,4294959809
1,1219,2556428288,1047975,23652,4294958044
1,1220,2558525440,1055169,4609,4294965650
1,1221,2560622592,1051608,8018,4294958800
1,1222,2562719744,1045079,15171,4294965296
1,1223,2564816896,1047914,3920,4294965995
1,1224,2566914048,1052898,2873,4294965577
1,1225,2569011200,1050489,14117,4294965289
1,1226,2571108352,1046438,15513,4294966549
1,1227,2573205504,1046405,7518,4294949931
1,1228,2575302656,1047058,2377,4294964494
1,1229,2577399808,1045988,22905,4294964226
1,1230,2579496960,1047281,12489,4294963149
1,1231,2581594112,1048475,13481,4294961676
1,1232,2583691264,1047526,6537,4294965535
1,1233,2585788416,1049704,28110,4294966263
1,1234,2587885568,1047479,15829,4294965193
1,1235,2589982720,1049007,12793,4294964744
1,1236,2592079872,1050264,6660,4294965658
1,1237,2594177024,1048164,10004,4294965316
1,1238,2596274176,1050376,13059,4294966789
1,1239,2598371328,1060921,12297,4294966215
1,1240,2600468480,1049471,13620,4294963272
1,1241,2602565632,1045965,6920,4294961707
1,1242,2604662784,1052033,7641,4294966019
1,1243,2606759936,1051394,2996,4294965412
1,1244,2608857088,1045862,27560,4294958115
1,1245,2610954240,1045093,15294,4294960068
1,1246,2613051392,1050891,15185,4294964202
1,1247,2615148544,1047167,10993,4294962548
1,1248,2617245696,1049318,14415,4294948706
1,1249,2619342848,1047510,14781,4294958486
1,1250,2621440000,1047890,19024,4294965754
1,1251,2623537152,1043890,15390,4294961040
1,1252,2625634304,1046542,26989,4294965166
1,1253,2627731456,1047528,55920,4294962235
1,1254,2629828608,1044649,26315,4294954182
1,1255,2631925760,1047916,15423,4294966609
1,1256,2634022912,1046522,12366,4294961450
1,1257,2636120064,1043624,23700,4294955690
1,1258,2638217216,1042511,32514,4294960495
1,1259,2640314368,1046138,13358,4294955905
1,1260,2642411520,1046845,19768,4294964367
1,1261,2644508672,1045497,28202,4294957917
1,1262,2646605824,1047608,27433,4294959504
1,1263,2648702976,1045289,23767,4294966662
1,1264,2650800128,1046038,7470,4294966078
1,1265,2652897280,1049697,7885,4294966284
1,1266,2654994432,1046233,7652,4294963467
1,1267,2657091584,1048399,5486,4294965636
1,1268,2659188736,1043953,11807,4294962872
1,1269,2661285888,1044691,10125,4294964793
1,1270,2663383040,1048102,3740,4294961879
1,1271,2665480192,1047937,27585,4294965976
1,1272,2667577344,1044972,4494,4294966273
1,1273,2669674496,1048317,19818,4294957904
1,1274,2671771648,1050869,23307,4294964864
1,1275,2673868800,1046433,7895,4294966115
1,1276,2675965952,1047660,36492,4294959818
1,1277,2678063104,1045923,6932,4294957375
1,1278,2680160256,1048914,31468,4294960935
1,1279,2682257408,1049499,23707,4294961295
1,1280,2684354560,1056877,147,4294957766
1,1281,2686451712,1053073,8957,4294962192
1,1282,2688548864,1047807,20363,4294960952
1,1283,2690646016,1050383,14738,4294965889
1,1284,2692743168,1051348,8333,4294964522
1,1285,2694840320,1050676,9073,4294960701
1,1286,2696937472,1048703,10739,4294962155
1,1287,2699034624,1050990,3627,4294962772
1,1288,2701131776,1046317,15726,4294958024
1,1289,2703228928,1046678,7426,4294964338
1,1290,2705326080,1044993,18305,4294961028
1,1291,2707423232,1051605,6345,4294965385
1,1292,2709520384,1046639,23735,4294966392
1,1293,2711617536,1046489,38603,4294960709
1,1294,2713714688,1052109,6841,4294957167
1,1295,2715811840,1047929,34673,4294961959
1,1296,2717908992,1048214,8591,4294956151
1,1297,2720006144,1051731,393,4294953332
1,1298,2722103296,1047711,11111,4294957810
1,1299,2724200448,1048727,3379,4294965364
1,1300,2726297600,1058492,889,4294965609
1,1301,2728394752,1050552,643,4294958441
1,1302,2730491904,1050248,15018,4294962336
1,1303,2732589056,1047890,23485,4294962279
1,1304,2734686208,1046418,27698,4294958415
1,1305,2736783360,1044979,7851,4294962577
1,1306,2738880512,1050285,14529,4294960585
1,1307,2740977664,1046084,28355,4294962926
1,1308,2743074816,1048200,13002,4294962083
1,1309,2745171968,1043956,38334,4294965960
1,1310,2747269120,1047181,8074,4294961855
1,1311,2749366272,1047560,11441,4294966516
1,1312,2751463424,1047280,12240,4294965919
1,1313,2753560576,1048097,43549,4294964940
1,1314,2755657728,1045280,13776,4294958599
1,1315,2757754880,1046747,28495,4294966028
1,1316,2759852032,1046690,56541,4294960233
1,1317,2761949184,1041774,23181,4294966508
1,1318,2764046336,1045866,9999,4294964667
1,1319,2766143488,1045661,23402,4294966604
1,1320,2768240640,1046099,19566,4294965884
1,1321,2770337792,1045910,42363,4294962438
1,1322,2772434944,1047715,13979,4294943291
1,1323,2774532096,1046704,18318,4294949560
1,1324,2776629248,1049709,12987,4294958553
1,1325,2778726400,1047671,25995,4294965664
1,1326,2780823552,1046733,39366,4294950200
1,1327,2782920704,1046947,11120,4294965329
1,1328,2785017856,1051214,27687,4294960565
1,1329,2787115008,1052554,20056,4294960144
1,1330,2789212160,1046650,39538,4294949749
1,1331,2791309312,1049037,23984,4294955849
1,1332,2793406464,1047523,13133,4294945155
1,1333,2795503616,1051124,6658,4294966165
1,1334,2797600768,1048381,6918,4294956922
1,1335,2799697920,1042899,10991,4294960066
1,1336,2801795072,1048034,14779,4294960195
1,1337,2803892224,1046763,26987,4294961493
1,1338,2805989376,1043147,46348,4294954195
1,1339,2808086528,1049560,28551,4294966660
1,1340,2810183680,1045438,7650,4294965634
1,1341,2812280832,1044379,3738,4294962870
1,1342,2814377984,1049586,23269,4294957902
1,1343,2816475136,1049464,6930,4294960933
1,1344,2818572288,1054663,145,4294953345
1,1345,2820669440,1054422,3625,4294962770
1,1346,2822766592,1046944,31650,4294960264
1,1347,2824863744,1043962,28477,4294966390
1,1348,2826960896,1051631,8839,4294953446
1,1349,2829058048,1052354,641,4294939293
1,1350,2831155200,1045812,28353,4294962243
1,1351,2833252352,1045325,11439,4294948284
1,1352,2835349504,1044577,12238,4294964938
1,1353,2837446656,1043462,9997,4294966108
1,1354,2839543808,1049524,13977,4294949206
1,1355,2841640960,1049115,12985,4294957236
1,1356,2843738112,1050186,24267,4294958040
1,1357,2845835264,1046785,10989,4294960064
1,1358,2847932416,1046601,14777,4294966658
1,1359,2850029568,1048191,42609,4294961875
1,1360,2852126720,1053233,8329,4294966388
1,1361,2854223872,1047645,8829,4294960581
1,1362,2856321024,1045334,29353,4294964936
1,1363,2858418176,1046425,47908,4294961873
1,1364,2860515328,1049313,8827,4294956792
1,1365,2862612480,1060848,8825,4294948093
1,1366,2864709632,1048803,8890,4294957277
1,1367,2866806784,1048861,29290,4294964873
1,1368,2868903936,1049942,9038,4294962214
1,1369,2871001088,1042516,15779,4294948221
1,1370,2873098240,1045378,15975,4294957279
1,1371,2875195392,1051005,8892,4294953143
1,1372,2877292544,1049105,12922,4294953972
1,1373,2879389696,1044467,32444,4294964875
1,1374,2881486848,1050803,6593,4294964652
1,1375,2883584000,1050392,3673,4294958851
1,1376,2885681152,1049920,8528,4294961974
1,1377,2887778304,1047354,31661,4294958004
1,1378,2889875456,1050029,6795,4294963986
1,1379,2891972608,1053521,8394,4294960529
1,1380,2894069760,1045687,14977,4294966453
1,1381,2896166912,1049304,6787,4294962020
1,1382,2898264064,1045877,27635,4294964619
1,1383,2900361216,1043014,47507,4294957405
1,1384,2902458368,1045456,23517,4294960646
1,1385,2904555520,1043589,40019,4294962883
1,1386,2906652672,1044812,35475,4294965322
1,1387,2908749824,1044578,15977,4294964482
1,1388,2910846976,1053890,20300,4294961010
1,1389,2912944128,1050146,1939,4294953145
1,1390,2915041280,1048521,9886,4294945445
1,1391,2917138432,1049054,11172,4294956644
1,1392,2919235584,1049444,12040,4294965821
1,1393,2921332736,1048284,13916,4294948681
1,1394,2923429888,1051829,11992,4294966984
1,1395,2925527040,1047111,12924,4294966063
1,1396,2927624192,1044918,32446,4294966541
1,1397,2929721344,1044223,43753,4294966445
1,1398,2931818496,1045070,20007,4294964877
1,1399,2933915648,1048644,24166,4294962380
1,1400,2936012800,1050362,6595,4294966198
1,1401,2938109952,1046392,2931,4294956859
1,1402,2940207104,1048584,36483,4294966484
1,1403,2942304256,1048068,29710,4294966294
1,1404,2944401408,1044306,15609,4294965001
1,1405,2946498560,1047962,14793,4294960552
1,1406,2948595712,1046184,3675,4294962807
1,1407,2950692864,1048840,23206,4294964766
1,1408,2952790016,1054649,210,4294957829
1,1409,2954887168,1048943,17937,4294962902
1,1410,2956984320,1048812,31895,4294954091
1,1411,2959081472,1051637,9020,4294963915
1,1412,2961178624,1048252,15275,4294958748
1,1413,2963275776,1053272,4802,4294964159
1,1414,2965372928,1047482,4810,4294958261
1,1415,2967470080,1046333,21961,4294954680
1,1416,2969567232,1050949,6797,4294965843
1,1417,2971664384,1049498,26674,4294964756
1,1418,2973761536,1051511,3690,4294961758
1,1419,2975858688,1072913,16084,4294962835
1,1420,2977955840,1049122,11420,4294960531
1,1421,2980052992,1053467,9520,4294960961
1,1422,2982150144,1050761,8396,4294960514
1,1423,2984247296,1051164,26424,4294966131
1,1424,2986344448,1045942,3861,4294962202
1,1425,2988441600,1045119,19781,4294952789
1,1426,2990538752,1046159,14979,4294966455
1,1427,2992635904,1047884,26382,4294965970
1,1428,2994733056,1047331,7041,4294953218
1,1429,2996830208,1048079,6789,4294964840
1,1430,2998927360,1046581,15783,4294962022
1,1431,3001024512,1051228,42176,4294946129
1,1432,3003121664,1050229,11678,4294960982
1,1433,3005218816,1048960,19929,4294964621
1,1434,3007315968,1045819,22201,4294965787
1,1435,3009413120,1044456,20677,4294957715
1,1436,3011510272,1048206,13899,4294956024
1,1437,3013607424,1047816,12875,4294958288
1,1438,3015704576,1046089,38985,4294962028
1,1439,3017801728,1044297,38795,4294960901
1,1440,3019898880,1047690,10319,4294961070
1,1441,3021996032,1047527,10831,4294964542
1,1442,3024093184,1050638,23593,4294964953
1,1443,3026190336,1046871,48292,4294966676
1,1444,3028287488,1046922,39013,4294962885
1,1445,3030384640,1045266,21901,4294966996
1,1446,3032481792,1044201,27274,4294966354
1,1447,3034578944,1043885,22031,4294962308
1,1448,3036676096,1045498,35533,4294965868
1,1449,3038773248,1047511,3757,4294965324
1,1450,3040870400,1049094,9877,4294958185
1,1451,3042967552,1044945,11029,4294953788
1,1452,3045064704,1045145,19641,4294962830
1,1453,3047161856,1046552,15979,4294964484
1,1454,3049259008,1048070,21909,4294964277
1,1455,3051356160,1049137,7525,4294964725
1,1456,3053453312,1047731,15081,4294964914
1,1457,3055550464,1051083,20302,4294962842
1,1458,3057647616,1049938,10699,4294956446
1,1459,3059744768,1052629,2501,4294965445
1,1460,3061841920,1045917,11693,4294947838
1,1461,3063939072,1052743,706,4294958504
1,1462,3066036224,1057348,966,4294967126
1,1463,3068133376,1048563,3429,4294950401
1,1464,3070230528,1051111,8142,4294956168
1,1465,3072327680,1048103,4733,4294952837
1,1466,3074424832,1044493,23975,4294961226
1,1467,3076521984,1048455,38209,4294949878
1,1468,3078619136,1050578,4237,4294966795
1,1469,3080716288,1045721,16008,4294964577
1,1470,3082813440,1046943,11174,4294960421
1,1471,3084910592,1048624,15960,4294958774
1,1472,3087007744,1052483,6352,4294965823
1,1473,3089104896,1049013,6981,4294962860
1,1474,3091202048,1049466,6864,4294966099
1,1475,3093299200,1045628,11054,4294950134
1,1476,3095396352,1050611,11950,4294966918
1,1477,3097493504,1052990,6721,4294964987
1,1478,3099590656,1047468,13918,4294957956
1,1479,3101687808,1046413,15713,4294957211
1,1480,3103784960,1049729,27738,4294963029
1,1481,3105882112,1054724,11994,4294966986
1,1482,3107979264,1049949,15772,4294962919
1,1483,3110076416,1061896,24332,4294950310
1,1484,3112173568,1046557,24398,4294955912
1,1485,3114270720,1050618,12926,4294966065
1,1486,3116367872,1047794,39695,4294954866
1,1487,3118465024,1049262,29296,4294964848
1,1488,3120562176,1046616,52233,4294959743
1,1489,3122659328,1048108,28130,4294966723
1,1490,3124756480,1047438,31934,4294965910
1,1491,3126853632,1045747,27427,4294966543
1,1492,3128950784,1048253,14842,4294950065
1,1493,3131047936,1044920,28319,4294966447
1,1494,3133145088,1049289,26511,4294962302
1,1495,3135242240,1051975,47606,4294957061
1,1496,3137339392,1047842,3801,4294961940
1,1497,3139436544,1047638,34057,4294964879
1,1498,3141533696,1047859,7761,4294965032
1,1499,3143630848,1046903,7713,4294957869
1,1500,3145728000,1046651,15886,4294951690
1,1501,3147825152,1049220,19673,4294965108
1,1502,3149922304,1046830,11707,4294964282
1,1503,3152019456,1048744,56299,4294962382
1,1504,3154116608,1050615,12560,4294966200
1,1505,3156213760,1047891,14346,4294964262
1,1506,3158310912,1063627,4485,4294965718
1,1507,3160408064,1051397,6597,4294965595
1,1508,3162505216,1047738,4685,4294964139
1,1509,3164602368,1048137,4677,4294964034
1,1510,3166699520,1048513,11125,4294965392
1,1511,3168796672,1053233,2933,4294965349
1,1512,3170893824,1049847,2253,4294959564
1,1513,3172990976,1047616,12426,4294953753
1,1514,3175088128,1047344,15450,4294966486
1,1515,3177185280,1052405,14042,4294965226
1,1516,3179282432,1049334,18893,4294958699
1,1517,3181379584,1046613,2749,4294966584
1,1518,3183476736,1048288,4554,4294960922
1,1519,3185573888,1045463,15108,4294965233
1,1520,3187671040,1049015,12303,4294961387
1,1521,3189768192,1046766,13295,4294962760
1,1522,3191865344,1046817,27370,4294965003
1,1523,3193962496,1046528,31799,4294964304
1,1524,3196059648,1046520,26252,4294964823
1,1525,3198156800,1048260,13165,4294966091
1,1526,3200253952,1049415,14795,4294954807
1,1527,3202351104,1048007,13839,4294965691
1,1528,3204448256,1048598,10062,4294967052
1,1529,3206545408,1050721,3677,4294958388
1,1530,3208642560,1051967,4937,4294967040
1,1531,3210739712,1046274,5429,4294966221
1,1532,3212836864,1047482,23208,4294966464
1,1533,3214934016,1045409,40005,4294956968
1,1534,3217031168,1047148,22333,4294958171
1,1535,3219128320,1051905,10869,4294962424
1,1536,3221225472,1063192,212,4294953887
1,1537,3223322624,1050267,3331,4294961778
1,1538,3225419776,1054333,1748,4294965859
1,1539,3227516928,1046637,9652,4294964082
1,1540,3229614080,1048206,47487,4294962461
1,1541,3231711232,1046357,7025,4294966650
1,1542,3233808384,1052269,2563,4294962404
1,1543,3235905536,1048336,2835,4294961520
1,1544,3238002688,1045829,39177,4294966410
1,1545,3240099840,1046677,11819,4294953555
1,1546,3242196992,1046707,11684,4294941252
1,1547,3244294144,1047263,4795,4294965519
1,1548,3246391296,1046960,7596,4294962257
1,1549,3248488448,1048363,4299,4294956417
1,1550,3250585600,1051016,9022,4294963917
1,1551,3252682752,1045649,14160,4294962602
1,1552,3254779904,1046443,15594,4294958421
1,1553,3256877056,1047427,15277,4294941917
1,1554,3258974208,1049861,31403,4294961946
1,1555,3261071360,1050767,12483,4294966013
1,1556,3263168512,1048142,11427,4294965954
1,1557,3265265664,1050340,9939,4294964646
1,1558,3267362816,1048403,3855,4294965930
1,1559,3269459968,1050636,3807,4294964161
1,1560,3271557120,1051104,10747,4294961017
1,1561,3273654272,1048218,10893,4294958047
1,1562,3275751424,1046002,4812,4294958765
1,1563,3277848576,1048707,23655,4294958263
1,1564,3279945728,1046959,27336,4294961887
1,1565,3282042880,1043672,59078,4294954682
1,1566,3284140032,1046582,10251,4294961404
1,1567,3286237184,1047762,11013,4294964919
1,1568,3288334336,1051844,6287,4294957891
1,1569,3290431488,1051247,17999,4294962964
1,1570,3292528640,1051541,3748,4294963977
1,1571,3294625792,1046514,28089,4294965845
1,1572,3296722944,1049554,4872,4294966399
1,1573,3298820096,1048820,45990,4294964758
1,1574,3300917248,1054181,4612,4294965653
1,1575,3303014400,1048120,19763,4294959499
1,1576,3305111552,1050999,7348,4294965604
1,1577,3307208704,1047264,35205,4294956772
1,1578,3309305856,1048239,3692,4294953441
1,1579,3311403008,1048205,27209,4294966931
1,1580,3313500160,1073624,16086,4294960896
1,1581,3315597312,1054558,19636,4294962837
1,1582,3317694464,1052434,3796,4294962137
1,1583,3319791616,1049590,12810,4294965137
1,1584,3321888768,1047588,11422,4294965854
1,1585,3323985920,1045360,40519,4294958345
1,1586,3326083072,1049114,11740,4294960533
1,1587,3328180224,1049150,19991,4294961571
1,1588,3330277376,1047122,7786,4294958350
1,1589,3332374528,1048940,10014,4294965299
1,1590,3334471680,1048363,9138,4294960766
1,1591,3336568832,1047248,27044,4294962847
1,1592,3338665984,1047900,8398,4294960516
1,1593,3340763136,1045790,31594,4294964587
1,1594,3342860288,1047061,12173,4294966043
1,1595,3344957440,1050529,9390,4294962178
1,1596,3347054592,1045779,3923,4294962264
1,1597,3349151744,1046173,43774,4294960464
1,1598,3351248896,1047955,11939,4294966907
1,1599,3353346048,1048213,36418,4294966133
1,1600,3355443200,1048514,2384,4294954607
1,1601,3357540352,1046088,7823,4294962204
1,1602,3359637504,1052678,2876,4294954783
1,1603,3361734656,1046225,7086,4294963405
1,1604,3363831808,1048349,19735,4294960335
1,1605,3365928960,1044874,36655,4294961817
1,1606,3368026112,1044994,11745,4294965580
1,1607,3370123264,1044661,43497,4294956322
1,1608,3372220416,1048938,78266,4294961618
1,1609,3374317568,1047758,10954,4294962682
1,1610,3376414720,1048016,28544,4294965057
1,1611,3378511872,1046815,14981,4294966457
1,1612,3380609024,1047264,19756,4294965292
1,1613,3382706176,1047686,13616,4294966211
1,1614,3384803328,1048600,19020,4294965938
1,1615,3386900480,1049603,7833,4294965972
1,1616,3388997632,1053994,6414,4294952599
1,1617,3391094784,1047931,7043,4294954764
1,1618,3393191936,1044077,28491,4294966600
1,1619,3395289088,1050248,6906,4294959442
1,1620,3397386240,1045732,75427,4294957232
1,1621,3399483392,1044513,32440,4294954143
1,1622,3401580544,1050729,6783,4294956640
1,1623,3403677696,1046571,24162,4294964842
1,1624,3405774848,1047342,18126,4294962251
1,1625,3407872000,1045984,15785,4294962024
1,1626,3409969152,1047143,7521,4294964538
1,1627,3412066304,1046287,6033,4294948938
1,1628,3414163456,1051208,42178,4294960046
1,1629,3416260608,1046481,27423,4294965104
1,1630,3418357760,1048031,40157,4294964627
1,1631,3420454912,1050529,27812,4294964355
1,1632,3422552064,1048146,2319,4294965515
1,1633,3424649216,1050159,18955,4294959691
1,1634,3426746368,1047294,26832,4294964562
1,1635,3428843520,1047366,24097,4294959377
1,1636,3430940672,1048249,2380,4294962518
1,1637,3433037824,1049231,6410,4294965024
1,1638,3435134976,1049440,2315,4294965450
1,1639,3437232128,1048955,18813,4294953815
1,1640,3439329280,1047045,19996,4294965789
1,1641,3441426432,1045724,11874,4294959554
1,1642,3443523584,1049304,10899,4294937157
1,1643,3445620736,1051160,4547,4294965588
1,1644,3447717888,1044397,39170,4294965454
1,1645,3449815040,1046734,2506,4294961713
1,1646,3451912192,1048574,19142,4294962098
1,1647,3454009344,1048962,11194,4294961339
1,1648,3456106496,1047567,6094,4294948999
1,1649,3458203648,1046600,13901,4294960821
1,1650,3460300800,1049863,12492,4294966153
1,1651,3462397952,1048235,27873,4294964885
1,1652,3464495104,1048263,12731,4294956181
1,1653,3466592256,1047729,13861,4294956532
1,1654,3468689408,1043819,6475,4294958290
1,1655,3470786560,1045973,19935,4294962721
1,1656,3472883712,1048177,2445,4294967182
1,1657,3474980864,1049296,10499,4294962583
1,1658,3477078016,1045323,22978,4294962939
1,1659,3479175168,1045682,19796,4294960396
1,1660,3481272320,1046508,15468,4294957030
1,1661,3483369472,1045647,19081,4294962347
1,1662,3485466624,1049820,7491,4294964403
1,1663,3487563776,1049631,10931,4294962486
1,1664,3489660928,1053337,2001,4294967250
1,1665,3491758080,1050256,11329,4294961072
1,1666,3493855232,1045411,11698,4294958279
1,1667,3495952384,1047849,5298,4294965538
1,1668,3498049536,1048939,6540,4294964544
1,1669,3500146688,1046613,10833,4294963021
1,1670,3502243840,1045163,7548,4294966145
1,1671,3504340992,1044844,32326,4294965038
1,1672,3506438144,1046172,23682,4294962786
1,1673,3508535296,1049974,5842,4294966266
1,1674,3510632448,1050019,6834,4294960591
1,1675,3512729600,1048069,22473,4294964955
1,1676,3514826752,1050600,36616,4294963398
1,1677,3516923904,1051806,28229,4294960650
1,1678,3519021056,1046759,7101,4294958315
1,1679,3521118208,1045657,14277,4294966678
1,1680,3523215360,1045711,20069,4294962887
1,1681,3525312512,1049454,11878,4294964328
1,1682,3527409664,1045719,26124,4294946638
1,1683,3529506816,1050015,13926,4294966072
1,1684,3531603968,1047274,20050,4294961630
1,1685,3533701120,1047067,46856,4294941826
1,1686,3535798272,1047662,21903,4294965196
1,1687,3537895424,1051322,12054,4294966998
1,1688,3539992576,1049555,12796,4294966356
1,1689,3542089728,1045608,27943,4294964491
1,1690,3544186880,1045869,14663,4294966260
1,1691,3546284032,1045648,2993,4294962642
1,1692,3548381184,1046738,14412,4294962310
1,1693,3550478336,1044780,15671,4294959859
1,1694,3552575488,1048587,31524,4294963464
1,1695,3554672640,1048076,7904,4294957372
1,1696,3556769792,1052874,6159,4294963589
1,1697,3558866944,1049554,16037,4294965870
1,1698,3560964096,1045733,29729,4294962333
1,1699,3563061248,1046593,14958,4294963521
1,1700,3565158400,1047613,12749,4294966025
1,1701,3567255552,1047166,19563,4294965661
1,1702,3569352704,1050037,6655,4294964714
1,1703,3571449856,1047234,3735,4294961490
1,1704,3573547008,1048101,13966,4294958187
1,1705,3575644160,1047490,14535,4294954190
1,1706,3577741312,1050268,8887,4294962148
1,1707,3579838464,1051068,9035,4294958381
1,1708,3581935616,1052290,8391,4294957578
1,1709,3584032768,1046643,9153,4294965319
1,1710,3586129920,1046072,18252,4294964451
1,1711,3588227072,1045115,13067,4294962804
1,1712,3590324224,1046753,207,4294964156
1,1713,3592421376,1055945,3687,4294964753
1,1714,3594518528,1043571,42173,4294952018
1,1715,3596615680,1046070,20674,4294965784
1,1716,3598712832,1047536,23299,4294966351
1,1717,3600809984,1047722,11501,4294964722
1,1718,3602907136,1051792,703,4294965442
1,1719,3605004288,1050976,8139,4294966792
1,1720,3607101440,1048990,11051,4294965565
1,1721,3609198592,1049181,13185,4294965774
1,1722,3611295744,1050521,14839,4294966720
1,1723,3613392896,1049951,20919,4294964279
1,1724,3615490048,1062652,7575,4294965592
1,1725,3617587200,1052628,4551,4294966581
1,1726,3619684352,1047682,12300,4294965688
1,1727,3621781504,1049426,10059,4294966218
1,1728,3623878656,1051064,465,4294962401
1,1729,3625975808,1047485,9265,4294955937
1,1730,3628072960,1046657,5053,4294953494
1,1731,3630170112,1045179,13607,4294964916
1,1732,3632267264,1051033,10801,4294965458
1,1733,3634364416,1051231,9809,4294962134
1,1734,3636461568,1050674,9135,4294962844
1,1735,3638558720,1046967,20304,4294960461
1,1736,3640655872,1048830,7083,4294960771
1,1737,3642753024,1046160,23797,4294962541
1,1738,3644850176,1048760,6903,4294957229
1,1739,3646947328,1049833,19371,4294964535
1,1740,3649044480,1051772,6407,4294965447
1,1741,3651141632,1049799,2503,4294964114
1,1742,3653238784,1046697,6091,4294965706
1,1743,3655335936,1045766,26800,4294967179
1,1744,3657433088,1051417,1998,4294967247
1,1745,3659530240,1047923,7098,4294955534
1,1746,3661627392,1049601,20066,4294956953
1,1747,3663724544,1047449,2990,4294957721
1,1748,3665821696,1051140,7644,4294966022
1,1749,3667918848,1049919,8522,4294956927
1,1750,3670016000,1052154,708,4294961917
1,1751,3672113152,1048732,5556,4294958506
1,1752,3674210304,1053392,974,4294953918
1,1753,3676307456,1050929,6088,4294967176
1,1754,3678404608,1056522,957,4294957706
1,1755,3680501760,1073674,951,4294967173
1,1756,3682598912,1051104,8653,4294942173
1,1757,3684696064,1055600,455,4294965674
1,1758,3686793216,1049194,3005,4294944244
1,1759,3688890368,1047088,10567,4294950403
1,1760,3690987520,1049155,8144,4294962412
1,1761,3693084672,1043102,25928,4294960968
1,1762,3695181824,1050263,11925,4294956216
1,1763,3697278976,1048198,8906,4294966591
1,1764,3699376128,1045593,26178,4294964100
1,1765,3701473280,1049559,19110,4294962852
1,1766,3703570432,1049644,4735,4294963848
1,1767,3705667584,1047108,4995,4294958118
1,1768,3707764736,1047673,4046,4294965677
1,1769,3709861888,1043420,23748,4294961228
1,1770,3711959040,1046083,23977,4294945342
1,1771,3714056192,1047545,27049,4294960660
1,1772,3716153344,1047543,15297,4294962932
1,1773,3718250496,1050093,458,4294960071
1,1774,3720347648,1052106,16826,4294965418
1,1775,3722444800,1048147,38211,4294953397
1,1776,3724541952,1048814,4239,4294953357
1,1777,3726639104,1049848,7556,4294965429
1,1778,3728736256,1046766,38892,4294966797
1,1779,3730833408,1047553,3444,4294964468
1,1780,3732930560,1051775,2764,4294947588
1,1781,3735027712,1045967,13549,4294965813
1,1782,3737124864,1049302,2756,4294964579
1,1783,3739222016,1045925,7719,4294966864
1,1784,3741319168,1046294,43942,4294956648
1,1785,3743416320,1048251,56091,4294958269
1,1786,3745513472,1042666,27239,4294960423
1,1787,3747610624,1047486,11176,4294961744
1,1788,3749707776,1047712,11549,4294963534
1,1789,3751804928,1046385,5908,4294961343
1,1790,3753902080,1047109,11578,4294950188
1,1791,3755999232,1052871,10996,4294958776
1,1792,3758096384,1058706,83,4294965825
1,1793,3760193536,1049286,3563,4294964458
1,1794,3762290688,1048981,23671,4294962415
1,1795,3764387840,1047762,7362,4294952539
1,1796,3766484992,1048165,8010,4294961791
1,1797,3768582144,1049571,36176,4294962862
1,1798,3770679296,1047086,3315,4294951880
1,1799,3772776448,1052528,579,4294956898
1,1800,3774873600,1045446,14715,4294965551
1,1801,3776970752,1049104,6866,4294965570
1,1802,3779067904,1046601,11090,4294966101
1,1803,3781165056,1050329,23920,4294957543
1,1804,3783262208,1046080,23338,4294964603
1,1805,3785359360,1045697,15248,4294956522
1,1806,3787456512,1047855,40205,4294949144
1,1807,3789553664,1046605,11056,4294958489
1,1808,3791650816,1046657,11928,4294966920
1,1809,3793747968,1046805,19943,4294964813
1,1810,3795845120,1049999,3611,4294964702
1,1811,3797942272,1052328,2867,4294966230
1,1812,3800039424,1052365,1875,4294960946
1,1813,3802136576,1046910,34859,4294956219
1,1814,3804233728,1049807,6731,4294958929
1,1815,3806330880,1048840,6723,4294964989
1,1816,3808428032,1045725,9933,4294956732
1,1817,3810525184,1047141,10925,4294966594
1,1818,3812622336,1049995,9029,4294953382
1,1819,3814719488,1048079,8267,4294966326
1,1820,3816816640,1050751,8763,4294957213
1,1821,3818913792,1045728,9893,4294945316
1,1822,3821010944,1044574,15715,4294950361
1,1823,3823108096,1048252,43602,4294956869
1,1824,3825205248,1051886,12496,4294965093
1,1825,3827302400,1046791,27740,4294961580
1,1826,3829399552,1046802,20354,4294965169
1,1827,3831496704,1047081,19805,4294966422
1,1828,3833593856,1047846,32169,4294962360
1,1829,3835691008,1050028,11996,4294966988
1,1830,3837788160,1047437,13231,4294958307
1,1831,3839885312,1051551,27488,4294960490
1,1832,3841982464,1048211,19113,4294962921
1,1833,3844079616,1048209,15822,4294961996
1,1834,3846176768,1048968,15774,4294966383
1,1835,3848273920,1047801,27363,4294966479
1,1836,3850371072,1052950,13854,4294948619
1,1837,3852468224,1047899,22416,4294956832
1,1838,3854565376,1061579,15708,4294962855
1,1839,3856662528,1053282,12862,4294965713
1,1840,3858759680,1045994,23374,4294950458
1,1841,3860856832,1045623,24400,4294951118
1,1842,3862953984,1046782,18121,4294955914
1,1843,3865051136,1047267,19889,4294964557
1,1844,3867148288,1047081,36599,4294966067
1,1845,3869245440,1051739,45924,4294965779
1,1846,3871342592,1051829,18066,4294963851
1,1847,3873439744,1049067,4738,4294964095
1,1848,3875536896,1047828,27566,4294958121
1,1849,3877634048,1046310,55729,4294964420
1,1850,3879731200,1045207,27877,4294964425
1,1851,3881828352,1044929,23455,4294966612
1,1852,3883925504,1049708,4998,4294947774
1,1853,3886022656,1049861,54219,4294964850
1,1854,3888119808,1048395,40066,4294954287
1,1855,3890216960,1048881,35678,4294960357
1,1856,3892314112,1051219,4049,4294961453
1,1857,3894411264,1047445,12735,4294956705
1,1858,3896508416,1045960,27882,4294964430
1,1859,3898605568,1045099,7454,4294949956
1,1860,3900702720,1047466,15121,4294950009
1,1861,3902799872,1048172,6856,4294952932
1,1862,3904897024,1047701,13761,4294965680
1,1863,3906994176,1050903,6848,4294966725
1,1864,3909091328,1046238,4430,4294960177
1,1865,3911188480,1044714,55739,4294961231
1,1866,3913285632,1045674,22154,4294965912
1,1867,3915382784,1045352,5422,4294966124
1,1868,3917479936,1045781,47245,4294966545
1,1869,3919577088,1046491,15737,4294954260
1,1870,3921674240,1043820,27429,4294955626
1,1871,3923771392,1044582,23703,4294952861
1,1872,3925868544,1046448,14478,4294960308
1,1873,3927965696,1048361,15840,4294958437
1,1874,3930062848,1046055,32505,4294945330
1,1875,3932160000,1046163,14844,4294960929
1,1876,3934257152,1046484,28321,4294960260
1,1877,3936354304,1044310,28345,4294953137
1,1878,3938451456,1045885,40015,4294966449
1,1879,3940548608,1046213,42301,4294964997
1,1880,3942645760,1046012,20933,4294956721
1,1881,3944742912,1045849,48831,4294965966
1,1882,3946840064,1051656,15345,4294962826
1,1883,3948937216,1048504,12178,4294960680
1,1884,3951034368,1045595,47608,4294955908
1,1885,3953131520,1050242,54983,4294960171
1,1886,3955228672,1048968,13361,4294966340
1,1887,3957325824,1044715,29757,4294966048
1,1888,3959422976,1049903,6479,4294951656
1,1889,3961520128,1047070,3803,4294961942
1,1890,3963617280,1051577,6283,4294964370
1,1891,3965714432,1045954,18243,4294958336
1,1892,3967811584,1048179,22923,4294962729
1,1893,3969908736,1052173,6779,4294957203
1,1894,3972005888,1046110,11870,4294963345
1,1895,3974103040,1045629,7487,4294964881
1,1896,3976200192,1046732,3485,4294965034
1,1897,3978297344,1048846,30089,4294962638
1,1898,3980394496,1048623,9011,4294962144
1,1899,3982491648,1050902,25893,4294939351
1,1900,3984588800,1046512,461,4294962130
1,1901,3986685952,1052644,1453,4294965699
1,1902,3988783104,1048080,28205,4294957920
1,1903,3990880256,1047773,7715,4294965425
1,1904,3992977408,1050824,335,4294965547
1,1905,3995074560,1048990,1871,4294952241
1,1906,3997171712,1050767,22412,4294964894
1,1907,3999268864,1049788,18117,4294958093
1,1908,4001366016,1046018,20798,4294965110
1,1909,4003463168,1046703,46340,4294960275
1,1910,4005560320,1050352,16829,4294965421
1,1911,4007657472,1061631,331,4294960799
1,1912,4009754624,1049514,11709,4294965620
1,1913,4011851776,1045862,6995,4294964284
1,1914,4013948928,1045394,30988,4294962183
1,1915,4016046080,1044378,20924,4294965945
1,1916,4018143232,1047619,22086,4294965898
1,1917,4020240384,1050284,28556,4294962384
1,1918,4022337536,1045407,23770,4294966665
1,1919,4024434688,1047871,11379,4294966569
1,1920,4026531840,1052392,2449,4294967186
1,1921,4028628992,1049930,7473,4294966081
1,1922,4030726144,1048973,14213,4294963334
1,1923,4032823296,1048069,5778,4294966202
1,1924,4034920448,1046692,7840,4294955657
1,1925,4037017600,1044532,3457,4294956252
1,1926,4039114752,1049698,26060,4294964264
1,1927,4041211904,1048177,21839,4294946374
1,1928,4043309056,1053261,13121,4294965501
1,1929,4045406208,1060668,4487,4294965624
1,1930,4047503360,1048856,11147,4294966287
1,1931,4049600512,1050546,16271,4294965720
1,1932,4051697664,1047143,6599,4294965597
1,1933,4053794816,1048557,22463,4294965806
1,1934,4055891968,1050118,12855,4294953842
1,1935,4057989120,1046228,23139,4294965255
1,1936,4060086272,1046412,4175,4294966733
1,1937,4062183424,1045910,7655,4294966800
1,1938,4064280576,1046159,15898,4294963470
1,1939,4066377728,1045060,27579,4294934010
1,1940,4068474880,1046709,15233,4294954448
1,1941,4070572032,1045447,3982,4294962587
1,1942,4072669184,1048070,8080,4294952617
1,1943,4074766336,1052309,4671,4294964036
1,1944,4076863488,1049455,7019,4294964471
1,1945,4078960640,1048443,2439,4294963959
1,1946,4081057792,1049238,12551,4294965394
1,1947,4083154944,1047379,2961,4294961738
1,1948,4085252096,1050840,7580,4294958301
1,1949,4087349248,1049333,15115,4294954485
1,1950,4089446400,1058436,2935,4294967112
1,1951,4091543552,1052778,2941,4294965351
1,1952,4093640704,1049815,2255,4294949625
1,1953,4095737856,1048794,18623,4294962943
1,1954,4097835008,1047941,22992,4294962034
1,1955,4099932160,1047771,11810,4294959490
1,1956,4102029312,1048196,13420,4294960839
1,1957,4104126464,1045835,60613,4294967118
1,1958,4106223616,1047929,12428,4294965645
1,1959,4108320768,1043605,19871,4294956468
1,1960,4110417920,1043860,15721,4294962187
1,1961,4112515072,1049756,27854,4294964964
1,1962,4114612224,1043810,15452,4294954071
1,1963,4116709376,1046780,22722,4294966536
1,1964,4118806528,1046403,31890,4294961753
1,1965,4120903680,1048473,10128,4294959885
1,1966,4123000832,1047420,26506,4294962618
1,1967,4125097984,1047801,13552,4294965228
1,1968,4127195136,1047610,15213,4294965949
1,1969,4129292288,1048800,3743,4294964582
1,1970,4131389440,1047228,10187,4294964855
1,1971,4133486592,1045481,26827,4294958701
1,1972,4135583744,1045546,7532,4294958475
1,1973,4137680896,1045198,14930,4294966346
1,1974,4139778048,1050089,3011,4294964018
1,1975,4141875200,1047461,2751,4294966586
1,1976,4143972352,1048198,7957,4294966867
1,1977,4146069504,1054006,19800,4294965073
1,1978,4148166656,1046130,4556,4294966335
1,1979,4150263808,1048358,28025,4294958454
1,1980,4152360960,1045966,7722,4294965235
1,1981,4154458112,1045379,31108,4294961507
1,1982,4156555264,1044831,31530,4294965979
1,1983,4158652416,1045505,47378,4294966843
1,1984,4160749568,1050248,4497,4294961389
1,1985,4162846720,1048018,13681,4294966637
1,1986,4164943872,1044088,44802,4294955562
1,1987,4167041024,1045222,22090,4294962609
1,1988,4169138176,1050208,13297,4294966276
1,1989,4171235328,1048940,20869,4294965902
1,1990,4173332480,1045539,43206,4294960244
1,1991,4175429632,1044109,28257,4294960434
1,1992,4177526784,1044736,11645,4294965005
1,1993,4179623936,1047492,27893,4294961193
1,1994,4181721088,1047614,19611,4294965357
1,1995,4183818240,1050530,19821,4294951628
1,1996,4185915392,1043191,39722,4294957139
1,1997,4188012544,1046872,20135,4294964306
1,1998,4190109696,1048256,54146,4294962953
1,1999,4192206848,1048706,15472,4294962066
1,2000,4194304000,1045180,23310,4294962388
1,2001,4196401152,1048143,31535,4294966003
1,2002,4198498304,1048914,24318,4294960556
1,2003,4200595456,1043964,27554,4294964825
1,2004,4202692608,1050296,46538,4294956099
1,2005,4204789760,1047685,19085,4294964867
1,2006,4206886912,1045713,26376,4294964834
1,2007,4208984064,1048308,11944,4294966912
1,2008,4211081216,1050200,14797,4294966037
1,2009,4213178368,1044796,23274,4294960907
1,2010,4215275520,1052309,7898,4294962798
1,2011,4217372672,1047659,19395,4294964394
1,2012,4219469824,1047560,23845,4294964925
1,2013,4221566976,1047077,11864,4294966118
1,2014,4223664128,1047315,11179,4294966530
1,2015,4225761280,1045559,43608,4294956805
1,2016,4227858432,1051518,2191,4294956821
1,2017,4229955584,1049416,15965,4294967054
1,2018,4232052736,1048451,10064,4294964732
1,2019,4234149888,1046603,52875,4294950719
1,2020,4236247040,1046267,15046,4294960405
1,2021,4238344192,1049241,27081,4294960789
1,2022,4240441344,1047907,3679,4294963537
1,2023,4242538496,1051160,2687,4294966522
1,2024,4244635648,1049212,5963,4294964407
1,2025,4246732800,1051705,4919,4294967042
1,2026,4248829952,1048721,28470,4294961100
1,2027,4250927104,1046150,27515,4294966669
1,2028,4253024256,1045682,14284,4294954371
1,2029,4255121408,1045820,11201,4294966138
1,2030,4257218560,1049337,4423,4294966223
1,2031,4259315712,1046746,22399,4294961362
1,2032,4261412864,1048806,23246,4294957993
1,2033,4263510016,1046080,13103,4294966848
1,2034,4265607168,1046620,23781,4294966466
1,2035,4267704320,1047078,19331,4294962287
1,2036,4269801472,1045294,54082,4294958208
1,2037,4271898624,1045187,11581,4294948765
1,2038,4273995776,1045022,12607,4294966573
1,2039,4276092928,1048320,13737,4294960938
1,2040,4278190080,1052677,10375,4294961528
1,2041,4280287232,1048866,11019,4294961298
1,2042,4282384384,1047157,23758,4294958779
1,2043,4284481536,1045309,23929,4294962747
1,2044,4286578688,1048490,11517,4294961261
1,2045,4288675840,1048554,23146,4294960298
1,2046,4290772992,1050941,10935,4294962426
1,2047,4292870144,1061607,10871,4294958651
1,2048,4294967296,1083786,22,4294967254
1,2049,4297064448,1056913,2709,4294965764
1,2050,4299161600,1054340,9590,4294957769
1,2051,4301258752,1056045,1206,4294965797
1,2052,4303355904,1050809,2773,4294965828
1,2053,4305453056,1051666,6741,4294953981
1,2054,4307550208,1051513,22835,4294961780
1,2055,4309647360,1048908,6963,4294950465
1,2056,4311744512,1057584,518,4294965478
1,2057,4313841664,1049387,13668,4294962711
1,2058,4315938816,1052533,8716,4294950119
1,2059,4318035968,1051276,2742,4294965861
1,2060,4320133120,1046714,11757,4294964084
1,2061,4322230272,1048107,9670,4294964461
1,2062,4324327424,1049411,9654,4294957833
1,2063,4326424576,1046463,11638,4294949369
1,2064,4328521728,1051670,28270,4294962463
1,2065,4330618880,1047324,60210,4294953458
1,2066,4332716032,1048489,42052,4294964978
1,2067,4334813184,1050323,15145,4294958428
1,2068,4336910336,1047600,7027,4294962906
1,2069,4339007488,1047283,20229,4294966652
1,2070,4341104640,1049936,23674,4294960955
1,2071,4343201792,1046400,7707,4294966085
1,2072,4345298944,1055130,2565,4294961152
1,2073,4347396096,1054354,2825,4294965509
1,2074,4349493248,1047168,15665,4294965490
1,2075,4351590400,1048605,14654,4294962406
1,2076,4353687552,1049153,3557,4294957936
1,2077,4355784704,1049024,2837,4294965892
1,2078,4357881856,1048214,10763,4294963595
1,2079,4359979008,1047492,18825,4294961522
1,2080,4362076160,1050602,8336,4294953947
1,2081,4364173312,1044896,55837,4294966412
1,2082,4366270464,1051072,9328,4294960572
1,2083,4368367616,1047128,12111,4294952703
1,2084,4370464768,1047284,13686,4294959954
1,2085,4372561920,1046480,11821,4294961865
1,2086,4374659072,1048712,8013,4294966642
1,2087,4376756224,1043850,15654,4294961290
1,2088,4378853376,1051101,8206,4294960704
1,2089,4380950528,1045266,26982,4294962865
1,2090,4383047680,1052388,8968,4294962209
1,2091,4385144832,1048316,11686,4294960524
1,2092,4387241984,1047490,4797,4294958283
1,2093,4389339136,1047428,9872,4294949109
1,2094,4391436288,1046809,11702,4294963338
1,2095,4393533440,1048317,10864,4294965521
1,2096,4395630592,1048738,3550,4294965925
1,2097,4397727744,1046352,31672,4294964177
1,2098,4399824896,1047105,7828,4294966206
1,2099,4401922048,1051101,2806,4294965084
1,2100,4404019200,1050498,4301,4294956592
1,2101,4406116352,1049863,16842,4294951843
1,2102,4408213504,1046277,8780,4294964109
1,2103,4410310656,1047252,22287,4294966859
1,2104,4412407808,1052242,582,4294964598
1,2105,4414504960,1047088,40506,4294964415
1,2106,4416602112,1047628,30154,4294957292
1,2107,4418699264,1056429,842,4294965542
1,2108,4420796416,1047169,14162,4294962775
1,2109,4422893568,1052602,16024,4294960834
1,2110,4424990720,1047558,19654,4294962604
1,2111,4427087872,1045992,13732,4294960784
1,2112,4429185024,1051841,6544,4294958423
1,2113,4431282176,1046181,16043,4294960134
1,2114,4433379328,1046679,15360,4294962470
1,2115,4435476480,1048094,20288,4294964548
1,2116,4437573632,1046874,22346,4294965554
1,2117,4439670784,1046201,19621,4294962894
1,2118,4441767936,1046085,15055,4294935415
1,2119,4443865088,1046297,15279,4294956059
1,2120,4445962240,1052486,2629,4294964341
1,2121,4448059392,1048821,11071,4294961216
1,2122,4450156544,1046128,7844,4294961948
1,2123,4452253696,1048131,24391,4294958752
1,2124,4454350848,1051247,2889,4294965573
1,2125,4456448000,1054817,7541,4294966015
1,2126,4458545152,1043173,19244,4294954634
1,2127,4460642304,1047733,14864,4294964789
1,2128,4462739456,1045853,31349,4294962475
1,2129,4464836608,1048484,2901,4294965956
1,2130,4466933760,1045657,23964,4294961031
1,2131,4469030912,1044474,13129,4294960005
1,2132,4471128064,1050688,3621,4294966104
1,2133,4473225216,1047964,3669,4294964648
1,2134,4475322368,1048032,44346,4294958249
1,2135,4477419520,1045797,15766,4294957848
1,2136,4479516672,1052566,4806,4294963911
1,2137,4481613824,1047784,3857,4294965932
1,2138,4483710976,1045113,10827,4294958181
1,2139,4485808128,1047290,5058,4294962395
1,2140,4487905280,1050411,6348,4294963025
1,2141,4490002432,1049867,3809,4294962165
1,2142,4492099584,1047492,18889,4294965388
1,2143,4494196736,1046478,23923,4294961586
1,2144,4496293888,1047239,10383,4294954817
1,2145,4498391040,1048928,11391,4294961134
1,2146,4500488192,1046893,26064,4294966927
1,2147,4502585344,1046180,11935,4294966903
1,2148,4504682496,1048151,7771,4294961600
1,2149,4506779648,1045773,26893,4294965876
1,2150,4508876800,1046434,10895,4294953876
1,2151,4510973952,1050659,19792,4294966149
1,2152,4513071104,1043538,4814,4294960712
1,2153,4515168256,1049629,26120,4294961626
1,2154,4517265408,1045934,20293,4294964268
1,2155,4519362560,1046272,7619,4294966740
1,2156,4521459712,1048700,26931,4294965017
1,2157,4523556864,1046505,7091,4294959117
1,2158,4525654016,1049125,23744,4294958010
1,2159,4527751168,1047170,7552,4294958265
1,2160,4529848320,1048258,27706,4294957170
1,2161,4531945472,1047482,27338,4294966322
1,2162,4534042624,1046149,27302,4294966418
1,2163,4536139776,1045557,28005,4294964553
1,2164,4538236928,1044345,6844,4294954114
1,2165,4540334080,1044635,60274,4294962372
1,2166,4542431232,1052647,19052,4294958332
1,2167,4544528384,1046371,22095,4294957434
1,2168,4546625536,1046999,7459,4294944416
1,2169,4548722688,1048525,5971,4294967060
1,2170,4550819840,1046263,22988,4294962614
1,2171,4552916992,1047898,15209,4294959697
1,2172,4555014144,1047170,28253,4294965042
1,2173,4557111296,1048384,42116,4294964921
1,2174,4559208448,1050048,11059,4294954380
1,2175,4561305600,1050801,11015,4294961140
1,2176,4563402752,1053465,274,4294965760
1,2177,4565499904,1049986,6801,4294965505
1,2178,4567597056,1049076,8844,4294957893
1,2179,4569694208,1049526,1810,4294966855
1,2180,4571791360,1046279,27501,4294964785
1,2181,4573888512,1048736,13125,4294958032
1,2182,4575985664,1047923,11931,4294966923
1,2183,4578082816,1048592,19048,4294962790
1,2184,4580179968,1064192,270,4294956479
1,2185,4582277120,1047871,20859,4294964219
1,2186,4584374272,1052447,396,4294963979
1,2187,4586471424,1053157,3750,4294964816
1,2188,4588568576,1046514,4365,4294965847
1,2189,4590665728,1047427,7056,4294950322
1,2190,4592762880,1046733,22147,4294960864
1,2191,4594860032,1049810,31959,4294956656
1,2192,4596957184,1050532,3614,4294961837
1,2193,4599054336,1047475,4874,4294963830
1,2194,4601151488,1051663,10806,4294957121
1,2195,4603248640,1047351,24153,4294966783
1,2196,4605345792,1048099,11114,4294965628
1,2197,4607442944,1045932,28992,4294964760
1,2198,4609540096,1045536,13248,4294965837
1,2199,4611637248,1049093,31736,4294964241
1,2200,4613734400,1049562,4614,4294964076
1,2201,4615831552,1051099,2870,4294965286
1,2202,4617928704,1061427,6534,4294965655
1,2203,4620025856,1053571,7662,4294965409
1,2204,4622123008,1047099,15387,4294965751
1,2205,4624220160,1050002,12363,4294961447
1,2206,4626317312,1046588,5483,4294966281
1,2207,4628414464,1047120,4491,4294966270
1,2208,4630511616,1052316,400,4294960949
1,2209,4632608768,1051244,6838,4294965382
1,2210,4634705920,1060049,892,4294965606
1,2211,4636803072,1049773,8071,4294956303
1,2212,4638900224,1047175,11484,4294957356
1,2213,4640997376,1047573,18315,4294964514
1,2214,4643094528,1048047,11151,4294939709
1,2215,4645191680,1047823,16257,4294965612
1,2216,4647288832,1052623,646,4294962767
1,2217,4649385984,1048700,13974,4294964662
1,2218,4651483136,1050685,8460,4294960578
1,2219,4653580288,1049544,3694,4294953969
1,2220,4655677440,1046804,7036,4294963983
1,2221,4657774592,1049049,1936,4294964479
1,2222,4659871744,1048003,20004,4294966933
1,2223,4661968896,1047160,2928,4294966291
1,2224,4664066048,1054319,6222,4294962899
1,2225,4666163200,1071344,16148,4294958805
1,2226,4668260352,1053141,20242,4294954778
1,2227,4670357504,1054157,16088,4294960898
1,2228,4672454656,1045025,21898,4294961822
1,2229,4674551808,1050129,3754,4294963584
1,2230,4676648960,1050844,14226,4294962839
1,2231,4678746112,1046955,20874,4294949875
1,2232,4680843264,1054430,6718,4294964777
1,2233,4682940416,1051091,36201,4294953719
1,2234,4685037568,1047582,14916,4294965907
1,2235,4687134720,1047709,3798,4294962139
1,2236,4689231872,1049233,20614,4294965724
1,2237,4691329024,1048255,19626,4294964959
1,2238,4693426176,1047931,12812,4294964820
1,2239,4695523328,1046305,26738,4294962282
1,2240,4697620480,1049527,4369,4294965856
1,2241,4699717632,1045762,11816,4294960779
1,2242,4701814784,1048240,9936,4294966010
1,2243,4703911936,1045262,23118,4294952129
1,2244,4706009088,1047657,4861,4294965266
1,2245,4708106240,1048592,7345,4294965601
1,2246,4710203392,1043345,19988,4294965851
1,2247,4712300544,1045526,43211,4294962564
1,2248,4714397696,1043992,7611,4294963402
1,2249,4716494848,1049472,7854,4294958823
1,2250,4718592000,1046410,28137,4294966597
1,2251,4720689152,1046655,32389,4294962248
1,2252,4722786304,1043958,30953,4294954462
1,2253,4724883456,1053595,13766,4294965585
1,2254,4726980608,1046378,6603,4294964685
1,2255,4729077760,1045822,10928,4294962580
1,2256,4731174912,1048544,7788,4294959430
1,2257,4733272064,1053435,28292,4294960588
1,2258,4735369216,1049595,13923,4294944861
1,2259,4737466368,1046540,12939,4294963461
1,2260,4739563520,1045875,14955,4294962273
1,2261,4741660672,1051130,9032,4294958378
1,2262,4743757824,1047070,24776,4294956088
1,2263,4745854976,1052426,10056,4294965685
1,2264,4747952128,1046610,8270,4294958217
1,2265,4750049280,1047844,27168,4294964349
1,2266,4752146432,1048251,15176,4294958622
1,2267,4754243584,1050521,6897,4294960654
1,2268,4756340736,1044979,50555,4294963837
1,2269,4758437888,1045272,27046,4294962929
1,2270,4760535040,1044736,38540,4294966329
1,2271,4762632192,1045896,5905,4294961896
1,2272,4764729344,1049841,8400,4294960518
1,2273,4766826496,1045953,52668,4294959999
1,2274,4768923648,1047629,29227,4294964810
1,2275,4771020800,1047397,15847,4294962086
1,2276,4773117952,1049953,13005,4294964589
1,2277,4775215104,1050355,12859,4294966476
1,2278,4777312256,1047652,31596,4294962449
1,2279,4779409408,1045336,43917,4294957216
1,2280,4781506560,1049200,6853,4294959922
1,2281,4783603712,1044167,15734,4294964904
1,2282,4785700864,1047025,14475,4294954205
1,2283,4787798016,1046863,12175,4294966045
1,2284,4789895168,1049524,31587,4294957587
1,2285,4791992320,1053391,7105,4294963527
1,2286,4794089472,1046988,43827,4294952709
1,2287,4796186624,1044637,11376,4294962180
1,2288,4798283776,1047211,23502,4294961858
1,2289,4800380928,1046057,15284,4294965259
1,2290,4802478080,1045502,8077,4294966730
1,2291,4804575232,1051131,3925,4294959621
1,2292,4806672384,1043382,46919,4294956882
1,2293,4808769536,1043997,15718,4294936352
1,2294,4810866688,1044604,23883,4294952085
1,2295,4812963840,1048543,19845,4294961693
1,2296,4815060992,1045821,26446,4294966634
1,2297,4817158144,1044900,24103,4294951625
1,2298,4819255296,1047683,11941,4294966909
1,2299,4821352448,1048462,11885,4294966034
1,2300,4823449600,1048623,13989,4294966519
1,2301,4825546752,1049576,11444,4294966135
1,2302,4827643904,1044955,13750,4294961322
1,2303,4829741056,1049033,14964,4294962744
1,2304,4831838208,1054848,2130,4294949790
1,2305,4833935360,1049596,5715,4294959181
1,2306,4836032512,1048226,39529,4294961841
1,2307,4838129664,1045025,3394,4294957933
1,2308,4840226816,1046594,39889,4294964145
1,2309,4842323968,1047401,29602,4294962206
1,2310,4844421120,1049195,7825,4294965922
1,2311,4846518272,1048297,20547,4294964595
1,2312,4848615424,1051831,15052,4294962891
1,2313,4850712576,1053393,2626,4294962004
1,2314,4852809728,1048099,2898,4294957845
1,2315,4854906880,1046776,10824,4294961583
1,2316,4857004032,1044173,34121,4294963407
1,2317,4859101184,1047522,7088,4294966737
1,2318,4861198336,1045924,40215,4294962524
1,2319,4863295488,1051477,23721,4294960728
1,2320,4865392640,1048816,19737,4294966804
1,2321,4867489792,1049808,4362,4294960861
1,2322,4869586944,1043955,23014,4294966780
1,2323,4871684096,1044795,7659,4294965172
1,2324,4873781248,1045832,20357,4294964332
1,2325,4875878400,1046469,14771,4294956786
1,2326,4877975552,1047960,14223,4294961819
1,2327,4880072704,1044919,56245,4294960845
1,2328,4882169856,1048074,4858,4294960776
1,2329,4884267008,1044444,19808,4294965582
1,2330,4886364160,1046746,11747,4294959427
1,2331,4888461312,1045522,5902,4294964346
1,2332,4890558464,1047831,43515,4294966473
1,2333,4892655616,1048698,27791,4294964901
1,2334,4894752768,1044665,28498,4294961690
1,2335,4896849920,1047279,11882,4294966031
1,2336,4898947072,1048412,10447,4294957930
1,2337,4901044224,1049992,10813,4294962366
1,2338,4903141376,1047055,48417,4294958828
1,2339,4905238528,1045424,46145,4294958145
1,2340,4907335680,1057309,10810,4294962363
1,2341,4909432832,1049682,23021,4294961198
1,2342,4911529984,1050662,10956,4294958795
1,2343,4913627136,1045093,23695,4294962684
1,2344,4915724288,1043898,31333,4294966511
1,2345,4917821440,1044138,28546,4294966160
1,2346,4919918592,1046562,27399,4294932589
1,2347,4922015744,1047083,11999,4294966979
1,2348,4924112896,1048708,30668,4294959758
1,2349,4926210048,1050562,10314,4294966991
1,2350,4928307200,1046416,14906,4294957554
1,2351,4930404352,1047833,11076,4294966459
1,2352,4932501504,1044845,23650,4294966405
1,2353,4934598656,1048916,10959,4294965993
1,2354,4936695808,1048989,19270,4294962226
1,2355,4938792960,1045745,54468,4294955867
1,2356,4940890112,1048801,28194,4294964742
1,2357,4942987264,1049429,10002,4294966787
1,2358,4945084416,1049230,11490,4294952805
1,2359,4947181568,1048909,44595,4294962546
1,2360,4949278720,1047358,19022,4294961038
1,2361,4951375872,1047679,26313,4294966607
1,2362,4953473024,1045984,23698,4294960493
1,2363,4955570176,1043286,40384,4294965940
1,2364,4957667328,1052020,7835,4294966076
1,2365,4959764480,1047858,27583,4294965974
1,2366,4961861632,1046683,13676,4294966113
1,2367,4963958784,1048051,47854,4294956752
1,2368,4966055936,1051018,6416,4294965887
1,2369,4968153088,1047053,12106,4294964520
1,2370,4970250240,1046182,7424,4294958396
1,2371,4972347392,1051068,38601,4294957049
1,2372,4974444544,1046819,18993,4294965362
1,2373,4976541696,1048276,7045,4294956960
1,2374,4978638848,1046890,7849,4294962924
1,2375,4980736000,1045977,39625,4294966514
1,2376,4982833152,1048286,28493,4294965917
1,2377,4984930304,1042748,54463,4294966602
1,2378,4987027456,1044036,42366,4294965882
1,2379,4989124608,1046339,11118,4294950198
1,2380,4991221760,1049470,20054,4294960563
1,2381,4993318912,1047718,6908,4294966163
1,2382,4995416064,1048304,28549,4294965062
1,2383,4997513216,1046848,6928,4294965632
1,2384,4999610368,1047139,40299,4294958020
1,2385,5001707520,1047856,13982,4294962241
1,2386,5003804672,1046300,47529,4294957234
1,2387,5005901824,1047998,27770,4294955845
1,2388,5007998976,1047961,43277,4294966386
1,2389,5010096128,1045622,28410,4294957275
1,2390,5012193280,1042869,15777,4294954145
1,2391,5014290432,1047674,27402,4294962630
1,2392,5016387584,1046030,6793,4294961972
1,2393,5018484736,1050755,6785,4294965051
1,2394,5020581888,1042858,42059,4294962881
1,2395,5022679040,1051886,3986,4294959682
1,2396,5024776192,1049375,12002,4294966982
1,2397,5026873344,1045936,24164,4294961168
1,2398,5028970496,1047981,40272,4294966482
1,2399,5031067648,1043552,27366,4294964764
1,2400,5033164800,1050586,14543,4294962253
1,2401,5035261952,1051860,12990,4294958259
1,2402,5037359104,1050866,16209,4294965841
1,2403,5039456256,1048850,31168,4294966129
1,2404,5041553408,1045572,30145,4294962678
1,2405,5043650560,1047282,24462,4294953780
1,2406,5045747712,1045901,23052,4294965200
1,2407,5047844864,1047114,12873,4294962026
1,2408,5049942016,1048855,10317,4294964540
1,2409,5052039168,1047389,22029,4294966994
1,2410,5054136320,1045539,11027,4294956190
1,2411,5056233472,1045316,7523,4294953504
1,2412,5058330624,1048499,7411,4294964912
1,2413,5060427776,1050990,6035,4294967124
1,2414,5062524928,1048272,38207,4294961224
1,2415,5064622080,1047052,35268,4294956835
1,2416,5066719232,1048788,15759,4294962858
1,2417,5068816384,1047351,14909,4294964985
1,2418,5070913536,1064412,39841,4294950374
1,2419,5073010688,1049573,24045,4294942573
1,2420,5075107840,1046882,27425,4294950440
1,2421,5077204992,1048478,15836,4294946364
1,2422,5079302144,1048098,14986,4294965030
1,2423,5081399296,1047557,15884,4294965106
1,2424,5083496448,1051061,31456,4294965716
1,2425,5085593600,1052055,4675,4294964032
1,2426,5087690752,1047575,19826,4294959562
1,2427,5089787904,1047540,24337,4294946016
1,2428,5091885056,1050354,27814,4294962758
1,2429,5093982208,1049201,44838,4294964357
1,2430,5096079360,1054111,4935,4294967050
1,2431,5098176512,1049022,22331,4294966462
1,2432,5100273664,1051733,2321,4294964080
1,2433,5102370816,1048922,2813,4294966648
1,2434,5104467968,1045937,11682,4294966408
1,2435,5106565120,1044929,7594,4294938869
1,2436,5108662272,1051771,18957,4294959810
1,2437,5110759424,1047482,19693,4294958245
1,2438,5112856576,1048642,10891,4294958763
1,2439,5114953728,1047563,28330,4294959693
1,2440,5117050880,1050866,15646,4294963975
1,2441,5119148032,1051524,4610,4294965651
1,2442,5121245184,1048872,8019,4294964475
1,2443,5123342336,1051259,12808,4294960915
1,2444,5125439488,1046857,22971,4294960147
1,2445,5127536640,1046161,15172,4294965297
1,2446,5129633792,1044883,54855,4294962176
1,2447,5131730944,1046698,3921,4294965996
1,2448,5133828096,1051668,2382,4294962520
1,2449,5135925248,1046914,19733,4294965578
1,2450,5138022400,1048821,26568,4294961616
1,2451,5140119552,1049667,14118,4294965290
1,2452,5142216704,1046667,6412,4294966550
1,2453,5144313856,1049040,15514,4294956638
1,2454,5146411008,1045441,6031,4294960758
1,2455,5148508160,1047958,27810,4294965026
1,2456,5150605312,1047159,2317,4294964560
1,2457,5152702464,1050187,2378,4294964495
1,2458,5154799616,1047837,22906,4294964499
1,2459,5156896768,1046153,18876,4294965452
1,2460,5158993920,1048969,12490,4294963150
1,2461,5161091072,1044899,19933,4294962719
1,2462,5163188224,1048016,2443,4294961650
1,2463,5165285376,1049029,11131,4294961677
1,2464,5167382528,1049959,12624,4294965791
1,2465,5169479680,1044777,6538,4294954397
1,2466,5171576832,1048364,19998,4294966264
1,2467,5173673984,1048583,28016,4294963396
1,2468,5175771136,1045812,11876,4294966070
1,2469,5177868288,1046598,15830,4294965194
1,2470,5179965440,1049075,12794,4294964745
1,2471,5182062592,1045913,14410,4294957912
1,2472,5184159744,1052488,6669,4294963519
1,2473,5186256896,1050282,3733,4294965659
1,2474,5188354048,1046437,10901,4294954188
1,2475,5190451200,1048582,10005,4294965317
1,2476,5192548352,1048535,3685,4294965782
1,2477,5194645504,1052215,13060,4294966790
1,2478,5196742656,1051511,13183,4294965563
1,2479,5198839808,1062945,4549,4294966216
1,2480,5200936960,1045179,13621,4294961800
1,2481,5203034112,1049762,13637,4294965456
1,2482,5205131264,1047238,6921,4294963854
1,2483,5207228416,1046012,11189,4294961708
1,2484,5209325568,1050164,2508,4294957719
1,2485,5211422720,1048848,7642,4294966020
1,2486,5213519872,1051941,2965,4294961715
1,2487,5215617024,1049938,3525,4294965413
1,2488,5217714176,1046799,12931,4294952679
1,2489,5219811328,1048977,4741,4294964098
1,2490,5221908480,1045493,39276,4294948372
1,2491,5224005632,1045452,15295,4294960069
1,2492,5226102784,1050432,4749,4294964203
1,2493,5228199936,1050261,13547,4294958465
1,2494,5230297088,1043990,27641,4294961742
1,2495,5232394240,1049628,10994,4294962549
1,2496,5234491392,1050817,6096,4294948707
1,2497,5236588544,1047842,14895,4294949001
1,2498,5238685696,1049328,7584,4294954871
1,2499,5240782848,1047019,31622,4294958487
1,2500,5242880000,1047340,16131,4294965755
1,2501,5244977152,1047201,16095,4294960823
1,2502,5247074304,1044755,13903,4294961041
1,2503,5249171456,1046301,47453,4294956867
1,2504,5251268608,1049075,12494,4294965167
1,2505,5253365760,1047903,13229,4294966155
1,2506,5255462912,1047779,55143,4294964612
1,2507,5257560064,1048338,54151,4294965711
1,2508,5259657216,1043597,26316,4294952670
1,2509,5261754368,1046978,50576,4294964690
1,2510,5263851520,1046995,27616,4294966610
1,2511,5265948672,1048730,15424,4294960618
1,2512,5268045824,1049324,12367,4294964428
1,2513,5270142976,1046236,15119,4294954198
1,2514,5272240128,1045894,24225,4294956183
1,2515,5274337280,1044802,23701,4294941958
1,2516,5276434432,1045825,15793,4294958435
1,2517,5278531584,1045730,47513,4294960496
1,2518,5280628736,1046518,15343,4294962824
1,2519,5282725888,1045670,13359,4294955906
1,2520,5284823040,1047474,6477,4294964368
1,2521,5286920192,1044914,7485,4294952170
1,2522,5289017344,1042847,53964,4294955818
1,2523,5291114496,1047927,23458,4294958292
1,2524,5293211648,1048861,19937,4294964892
1,2525,5295308800,1045149,27434,4294962723
1,2526,5297405952,1044999,28166,4294965943
1,2527,5299503104,1047057,23768,4294966663
1,2528,5301600256,1049569,2447,4294967184
1,2529,5303697408,1047239,3455,4294956250
1,2530,5305794560,1051052,5493,4294966285
1,2531,5307891712,1048346,7605,4294962738
1,2532,5309988864,1045774,7653,4294963468
1,2533,5312086016,1050004,3980,4294962585
1,2534,5314183168,1048533,2959,4294963957
1,2535,5316280320,1057469,2939,4294967110
1,2536,5318377472,1047703,11808,4294962941
1,2537,5320474624,1042602,56681,4294967116
1,2538,5322571776,1045391,19308,4294962690
1,2539,5324668928,1047075,10126,4294964794
1,2540,5326766080,1047422,3741,4294964853
1,2541,5328863232,1047704,14928,4294955874
1,2542,5330960384,1051504,19798,4294962071
1,2543,5333057536,1044563,31528,4294965977
1,2544,5335154688,1045072,4495,4294953563
1,2545,5337251840,1047713,20867,4294966274
1,2546,5339348992,1051014,19819,4294965355
1,2547,5341446144,1048113,15470,4294957905
1,2548,5343543296,1049594,23308,4294958055
1,2549,5345640448,1047833,19083,4294964865
1,2550,5347737600,1046943,7896,4294962349
1,2551,5349834752,1045364,11862,4294966528
1,2552,5351931904,1051842,2701,4294959819
1,2553,5354029056,1048610,2693,4294953311
1,2554,5356126208,1046933,6933,4294964405
1,2555,5358223360,1048107,7493,4294957376
1,2556,5360320512,1048109,27176,4294961681
1,2557,5362417664,1047356,43879,4294960936
1,2558,5364514816,1049136,10507,4294962488
1,2559,5366611968,1052776,10933,4294958713
1,2560,5368709120,1063315,148,4294967252
1,2561,5370806272,1049856,2771,4294961456
1,2562,5372903424,1051596,8958,4294962193
1,2563,5375000576,1049386,11620,4294953348
1,2564,5377097728,1047805,22897,4294961074
1,2565,5379194880,1050287,20364,4294960953
1,2566,5381292032,1051295,14739,4294959748
1,2567,5383389184,1050152,11331,4294965890
1,2568,5385486336,1049741,8334,4294964523
1,2569,5387583488,1046727,24037,4294939994
1,2570,5389680640,1048934,9074,4294960702
1,2571,5391777792,1046392,11358,4294958281
1,2572,5393874944,1047816,5300,4294962156
1,2573,5395972096,1049269,15584,4294946237
1,2574,5398069248,1048727,3628,4294965540
1,2575,5400166400,1051348,13730,4294962773
1,2576,5402263552,1049689,6542,4294964546
1,2577,5404360704,1044380,15727,4294962657
1,2578,5406457856,1048480,7427,4294964339
1,2579,5408555008,1048887,7539,4294948774
1,2580,5410652160,1043875,18306,4294961029
1,2581,5412749312,1047420,10835,4294937271
1,2582,5414846464,1048841,18627,4294963901
1,2583,5416943616,1048796,6346,4294965386
1,2584,5419040768,1046953,23581,4294966393
1,2585,5421137920,1046023,7769,4294966147
1,2586,5423235072,1044250,38604,4294960710
1,2587,5425332224,1046326,7550,4294954543
1,2588,5427429376,1046193,32376,4294957168
1,2589,5429526528,1050447,6842,4294954559
1,2590,5431623680,1045891,5969,4294961960
1,2591,5433720832,1047913,40083,4294965040
1,2592,5435817984,1049297,8592,4294957476
1,2593,5437915136,1044215,19046,4294962788
1,2594,5440012288,1053577,394,4294953333
1,2595,5442109440,1046471,7054,4294952079
1,2596,5444206592,1050231,5844,4294961835
1,2597,5446303744,1046135,11112,4294957811
1,2598,5448400896,1050693,3380,4294965365
1,2599,5450498048,1046102,10120,4294966268
1,2600,5452595200,1059660,890,4294956301
1,2601,5454692352,1048648,11482,4294965610
1,2602,5456789504,1051772,644,4294958442
1,2603,5458886656,1047376,1934,4294956889
1,2604,5460983808,1051708,20240,4294958156
1,2605,5463080960,1045425,15019,4294962337
1,2606,5465178112,1047148,6859,4294957567
1,2607,5467275264,1048946,26736,4294964957
1,2608,5469372416,1047528,11814,4294966008
1,2609,5471469568,1046271,19986,4294965132
1,2610,5473566720,1047426,7852,4294963400
1,2611,5475663872,1046432,13764,4294964683
1,2612,5477761024,1053588,36540,4294960586
1,2613,5479858176,1049568,14530,4294965683
1,2614,5481955328,1047398,28356,4294960652
1,2615,5484052480,1044830,60781,4294962927
1,2616,5486149632,1047430,15845,4294962084
1,2617,5488246784,1048091,13003,4294946163
1,2618,5490343936,1047459,6851,4294965961
1,2619,5492441088,1047706,7103,4294963525
1,2620,5494538240,1048661,8075,4294966728
1,2621,5496635392,1044974,19843,4294961352
1,2622,5498732544,1046219,39628,4294966632
1,2623,5500829696,1050129,11442,4294966517
1,2624,5502926848,1047396,4433,4294960743
1,2625,5505024000,1046230,20805,4294965920
1,2626,5507121152,1047621,15408,4294962889
1,2627,5509218304,1049734,39017,4294964941
1,2628,5511315456,1045025,13777,4294956604
1,2629,5513412608,1046817,14769,4294964330
1,2630,5515509760,1046983,24254,4294945038
1,2631,5517606912,1049000,11880,4294966029
1,2632,5519704064,1046175,10445,4294961234
1,2633,5521801216,1048450,11453,4294960234
1,2634,5523898368,1041478,27765,4294966509
1,2635,5525995520,1043875,23182,4294955971
1,2636,5528092672,1047676,30578,4294959805
1,2637,5530189824,1050731,10000,4294964668
1,2638,5532286976,1046298,32510,4294966605
1,2639,5534384128,1045571,23403,4294966111
1,2640,5536481280,1046936,12104,4294965885
1,2641,5538578432,1045159,22157,4294958411
1,2642,5540675584,1044859,42364,4294965915
1,2643,5542772736,1048525,20052,4294961632
1,2644,5544869888,1049157,13980,4294947595
1,2645,5546967040,1044665,43275,4294962628
1,2646,5549064192,1048281,18319,4294962879
1,2647,5551161344,1045100,40270,4294945009
1,2648,5553258496,1051738,12988,4294966127
1,2649,5555355648,1045809,30143,4294965198
1,2650,5557452800,1046733,21905,4294956188
1,2651,5559549952,1047488,7409,4294967122
1,2652,5561647104,1047924,39839,4294950201
1,2653,5563744256,1045509,15834,4294947303
1,2654,5565841408,1047276,4925,4294965330
1,2655,5567938560,1053004,5425,4294967048
1,2656,5570035712,1049581,12432,4294966358
1,2657,5572132864,1051741,27688,4294958243
1,2658,5574230016,1053589,12798,4294965649
1,2659,5576327168,1046859,20057,4294962174
1,2660,5578424320,1048946,39539,4294956318
1,2661,5580521472,1043731,40043,4294966548
1,2662,5582618624,1046227,27945,4294964493
1,2663,5584715776,1047535,23985,4294955334
1,2664,5586812928,1046316,13134,4294966262
1,2665,5588910080,1046483,15828,4294945156
1,2666,5591007232,1048738,6659,4294960882
1,2667,5593104384,1049419,14665,4294966166
1,2668,5595201536,1045408,6919,4294960457
1,2669,5597298688,1049274,2995,4294962644
1,2670,5599395840,1044663,27559,4294960067
1,2671,5601492992,1044677,10992,4294950072
1,2672,5603590144,1048732,14414,4294945087
1,2673,5605687296,1046313,47451,4294962312
1,2674,5607784448,1046197,26988,4294960107
1,2675,5609881600,1046069,15422,4294961494
1,2676,5611978752,1044448,15673,4294954196
1,2677,5614075904,1042032,40686,4294956121
1,2678,5616173056,1046766,28201,4294964366
1,2679,5618270208,1047020,23766,4294966661
1,2680,5620367360,1045413,7699,4294964970
1,2681,5622464512,1045936,7651,4294965635
1,2682,5624561664,1044080,11806,4294962871
1,2683,5626658816,1045743,3739,4294961878
1,2684,5628755968,1047195,24453,4294957903
1,2685,5630853120,1048638,7906,4294964830
1,2686,5632950272,1046809,6931,4294957374
1,2687,5635047424,1049234,23706,4294960934
1,2688,5637144576,1054937,146,4294962191
1,2689,5639241728,1051628,22529,4294963591
1,2690,5641338880,1053332,8332,4294960700
1,2691,5643436032,1050503,3626,4294962771
1,2692,5645533184,1046417,15725,4294958023
1,2693,5647630336,1046701,31651,4294960265
1,2694,5649727488,1046839,28478,4294966391
1,2695,5651824640,1046054,42112,4294961958
1,2696,5653921792,1049150,8840,4294956104
1,2697,5656018944,1048399,11110,4294953447
1,2698,5658116096,1050257,642,4294958440
1,2699,5660213248,1049831,15017,4294962335
1,2700,5662310400,1043336,55495,4294962244
1,2701,5664407552,1048629,28354,4294960584
1,2702,5666504704,1044860,13001,4294963523
1,2703,5668601856,1046428,11440,4294942592
1,2704,5670699008,1047891,12239,4294964939
1,2705,5672796160,1044276,13775,4294966027
1,2706,5674893312,1043248,23180,4294960232
1,2707,5676990464,1048721,9998,4294966109
1,2708,5679087616,1046562,19565,4294954036
1,2709,5681184768,1047665,13978,4294948743
1,2710,5683281920,1050542,12986,4294965663
1,2711,5685379072,1047420,39365,4294965328
1,2712,5687476224,1053653,24268,4294958041
1,2713,5689573376,1047510,23983,4294955848
1,2714,5691670528,1048106,6657,4294964716
1,2715,5693767680,1046626,6917,4294960065
1,2716,5695864832,1047692,14778,4294961492
1,2717,5697961984,1046518,46347,4294966659
1,2718,5700059136,1046137,3737,4294964968
1,2719,5702156288,1049089,22801,4294960932
1,2720,5704253440,1056539,8330,4294962152
1,2721,5706350592,1045420,28476,4294966389
1,2722,5708447744,1051237,8830,4294946109
1,2723,5710544896,1043329,15913,4294960582
1,2724,5712642048,1042128,15545,4294964937
1,2725,5714739200,1047095,14537,4294956795
1,2726,5716836352,1048774,28324,4294960063
1,2727,5718933504,1044417,47909,4294961874
1,2728,5721030656,1049498,8828,4294962150
1,2729,5723127808,1046028,47907,4294958787
1,2730,5725224960,1059929,8826,4294948155
1,2731,5727322112,1050061,8889,4294964872
1,2732,5729419264,1048528,9037,4294948220
1,2733,5731516416,1048294,8891,4294957278
1,2734,5733613568,1046809,12921,4294964874
1,2735,5735710720,1051673,47518,4294958383
1,2736,5737807872,1050778,8527,4294953268
1,2737,5739905024,1053821,8393,4294962215
1,2738,5742002176,1044853,15780,4294966452
1,2739,5744099328,1042780,27634,4294962513
1,2740,5746196480,1043984,28415,4294960645
1,2741,5748293632,1046337,15976,4294965321
1,2742,5750390784,1050000,8893,4294960888
1,2743,5752487936,1047939,9885,4294950426
1,2744,5754585088,1047864,13915,4294965820
1,2745,5756682240,1049596,12923,4294926884
1,2746,5758779392,1041939,32445,4294966540
1,2747,5760876544,1047357,35146,4294964876
1,2748,5762973696,1049427,6594,4294964653
1,2749,5765070848,1049320,29709,4294960501
1,2750,5767168000,1048975,14792,4294965000
1,2751,5769265152,1047774,3674,4294962806
1,2752,5771362304,1050130,209,4294961975
1,2753,5773459456,1050180,9019,4294962599
1,2754,5775556608,1045726,31662,4294964158
1,2755,5777653760,1044559,21960,4294958005
1,2756,5779750912,1049324,6796,4294964755
1,2757,5781848064,1052335,3689,4294962834
1,2758,5783945216,1052457,9519,4294960530
1,2759,5786042368,1052280,8395,4294961418
1,2760,5788139520,1044396,19780,4294957260
1,2761,5790236672,1044179,14978,4294966454
1,2762,5792333824,1048411,6788,4294964839
1,2763,5794430976,1046799,15782,4294962021
1,2764,5796528128,1046614,28072,4294964620
1,2765,5798625280,1044718,20676,4294965786
1,2766,5800722432,1046494,29514,4294958086
1,2767,5802819584,1043270,56676,4294940658
1,2768,5804916736,1046218,23518,4294961069
1,2769,5807013888,1049192,40632,4294966675
1,2770,5809111040,1045115,39653,4294962884
1,2771,5811208192,1044279,23301,4294966353
1,2772,5813305344,1044801,27681,4294965323
1,2773,5815402496,1048053,13064,4294943864
1,2774,5817499648,1046114,15978,4294964483
1,2775,5819596800,1047733,11503,4294964724
1,2776,5821693952,1050959,15080,4294961011
1,2777,5823791104,1051051,22728,4294965444
1,2778,5825888256,1050984,705,4294953146
1,2779,5827985408,1052056,965,4294944333
1,2780,5830082560,1049703,8141,4294954350
1,2781,5832179712,1047765,23974,4294959889
1,2782,5834276864,1049013,15521,4294966794
1,2783,5836374016,1048240,11173,4294960420
1,2784,5838471168,1048679,12041,4294965822
1,2785,5840568320,1048039,11053,4294966098
1,2786,5842665472,1048256,11949,4294966917
1,2787,5844762624,1048000,13917,4294948610
1,2788,5846859776,1050630,11993,4294966985
1,2789,5848956928,1049897,15771,4294961993
1,2790,5851054080,1047545,12925,4294966064
1,2791,5853151232,1048631,29295,4294964847
1,2792,5855248384,1048363,29637,4294966722
1,2793,5857345536,1043585,32447,4294966542
1,2794,5859442688,1046247,14841,4294966446
1,2795,5861539840,1050788,26510,4294962301
1,2796,5863636992,1046050,20008,4294964878
1,2797,5865734144,1046988,44675,4294962635
1,2798,5867831296,1047887,21913,4294956541
1,2799,5869928448,1049258,20921,4294964281
1,2800,5872025600,1050844,12559,4294966199
1,2801,5874122752,1060170,6596,4294965594
1,2802,5876219904,1045124,15230,4294964138
1,2803,5878317056,1052161,2932,4294965348
1,2804,5880414208,1050619,12425,4294953544
1,2805,5882511360,1051021,14041,4294966485
1,2806,5884608512,1046493,5545,4294966583
1,2807,5886705664,1049358,4553,4294965232
1,2808,5888802816,1045042,12302,4294961386
1,2809,5890899968,1045200,27369,4294965002
1,2810,5892997120,1047206,26251,4294960553
1,2811,5895094272,1048142,14794,4294965690
1,2812,5897191424,1048479,3676,4294964729
1,2813,5899288576,1046898,15028,4294966220
1,2814,5901385728,1047557,23207,4294966051
1,2815,5903482880,1048434,27124,4294958854
1,2816,5905580032,1058394,211,4294953886
1,2817,5907677184,1052212,1747,4294957830
1,2818,5909774336,1048498,20226,4294962903
1,2819,5911871488,1047062,17938,4294962403
1,2820,5913968640,1047629,15217,4294955997
1,2821,5916065792,1045687,14993,4294954092
1,2822,5918162944,1050009,11251,4294962256
1,2823,5920260096,1050971,9021,4294963916
1,2824,5922357248,1046723,15276,4294954572
1,2825,5924454400,1048523,14802,4294961945
1,2826,5926551552,1049773,12231,4294965953
1,2827,5928648704,1051805,3806,4294964160
1,2828,5930745856,1046800,13609,4294961016
1,2829,5932843008,1046872,4811,4294958262
1,2830,5934940160,1046306,43684,4294961886
1,2831,5937037312,1044553,21962,4294964918
1,2832,5939134464,1052134,6286,4294962963
1,2833,5941231616,1051569,3747,4294965844
1,2834,5943328768,1049695,10803,4294964757
1,2835,5945425920,1050231,12617,4294965460
1,2836,5947523072,1049156,16212,4294950748
1,2837,5949620224,1049661,3691,4294961759
1,2838,5951717376,1072977,16085,4294962836
1,2839,5953814528,1054526,3795,4294962136
1,2840,5955911680,1048914,11421,4294958339
1,2841,5958008832,1048921,20014,4294960532
1,2842,5960105984,1050968,10013,4294957593
1,2843,5962203136,1050654,9137,4294962846
1,2844,5964300288,1048546,8397,4294964586
1,2845,5966397440,1050595,9389,4294966042
1,2846,5968494592,1046516,20306,4294961420
1,2847,5970591744,1049249,27718,4294966132
1,2848,5972688896,1046213,10191,4294962203
1,2849,5974786048,1049048,3862,4294957262
1,2850,5976883200,1046680,19782,4294957115
1,2851,5978980352,1044372,22926,4294960773
1,2852,5981077504,1045840,10953,4294962681
1,2853,5983174656,1047707,14980,4294966456
1,2854,5985271808,1046471,26383,4294962543
1,2855,5987368960,1048423,27610,4294965971
1,2856,5989466112,1054260,7042,4294954763
1,2857,5991563264,1046700,6905,4294953096
1,2858,5993660416,1045341,61246,4294957231
1,2859,5995757568,1048923,6782,4294964841
1,2860,5997854720,1048357,15784,4294962023
1,2861,5999951872,1046774,24465,4294964537
1,2862,6002049024,1049395,40146,4294957206
1,2863,6004146176,1050603,40156,4294964354
1,2864,6006243328,1048768,11679,4294959690
1,2865,6008340480,1048871,26831,4294960983
1,2866,6010437632,1050163,6409,4294965023
1,2867,6012534784,1050119,18873,4294965449
1,2868,6014631936,1045776,11873,4294965788
1,2869,6016729088,1048415,22202,4294965203
1,2870,6018826240,1044379,2505,4294961712
1,2871,6020923392,1047618,11193,4294962097
1,2872,6023020544,1047510,6093,4294951899
1,2873,6025117696,1046792,27872,4294965708
1,2874,6027214848,1047942,12876,4294956531
1,2875,6029312000,1043965,19682,4294958289
1,2876,6031409152,1046692,35717,4294967181
1,2877,6033506304,1044200,52589,4294962938
1,2878,6035603456,1045488,38796,4294962346
1,2879,6037700608,1045284,7490,4294964402
1,2880,6039797760,1051697,2000,4294967249
1,2881,6041894912,1045914,11697,4294958627
1,2882,6043992064,1050577,7536,4294964543
1,2883,6046089216,1045921,7766,4294966144
1,2884,6048186368,1049560,22225,4294955521
1,2885,6050283520,1049048,14593,4294964954
1,2886,6052380672,1048739,54671,4294961563
1,2887,6054477824,1044752,7100,4294966677
1,2888,6056574976,1046681,20068,4294962886
1,2889,6058672128,1047272,27762,4294958479
1,2890,6060769280,1047774,50060,4294956955
1,2891,6062866432,1048757,21902,4294966997
1,2892,6064963584,1045554,15641,4294966355
1,2893,6067060736,1045497,2992,4294966259
1,2894,6069157888,1046043,30092,4294962309
1,2895,6071255040,1047233,7903,4294957371
1,2896,6073352192,1049401,16017,4294965869
1,2897,6075449344,1045559,36194,4294962332
1,2898,6077546496,1047325,24080,4294966024
1,2899,6079643648,1047189,3758,4294961489
1,2900,6081740800,1050000,15542,4294958186
1,2901,6083837952,1052294,9878,4294962147
1,2902,6085935104,1047751,8524,4294960642
1,2903,6088032256,1043876,13066,4294962803
1,2904,6090129408,1050368,718,4294962831
1,2905,6092226560,1045193,42172,4294957711
1,2906,6094323712,1046819,11500,4294966350
1,2907,6096420864,1051683,710,4294953507
1,2908,6098518016,1047738,24328,4294948607
1,2909,6100615168,1047728,14838,4294964278
1,2910,6102712320,1053152,5558,4294966580
1,2911,6104809472,1047125,15025,4294964726
1,2912,6106906624,1051625,464,4294962400
1,2913,6109003776,1046521,5052,4294964915
1,2914,6111100928,1052111,12614,4294962133
1,2915,6113198080,1051055,20303,4294962843
1,2916,6115295232,1048375,7082,4294956447
1,2917,6117392384,1048525,6902,4294954760
1,2918,6119489536,1052747,2502,4294965446
1,2919,6121586688,1048351,6090,4294967178
1,2920,6123683840,1047725,1997,4294952367
1,2921,6125780992,1049782,2989,4294952354
1,2922,6127878144,1054138,8521,4294956367
1,2923,6129975296,1051811,707,4294958505
1,2924,6132072448,1055175,973,4294967175
1,2925,6134169600,1076488,953,4294967172
1,2926,6136266752,1053818,1462,4294965673
1,2927,6138363904,1050346,3004,4294950402
1,2928,6140461056,1047952,8143,4294954352
1,2929,6142558208,1050241,8905,4294966590
1,2930,6144655360,1048056,19109,4294962356
1,2931,6146752512,1048376,4734,4294954691
1,2932,6148849664,1046257,4045,4294965676
1,2933,6150946816,1046799,23976,4294960659
1,2934,6153043968,1051508,457,4294948943
1,2935,6155141120,1053471,16825,4294965417
1,2936,6157238272,1050933,4238,4294965428
1,2937,6159335424,1046569,3443,4294966796
1,2938,6161432576,1047612,2763,4294947587
1,2939,6163529728,1049727,2755,4294964578
1,2940,6165626880,1048810,43941,4294956647
1,2941,6167724032,1046064,11175,4294960422
1,2942,6169821184,1046423,10569,4294963533
1,2943,6171918336,1047226,11577,4294958775
1,2944,6174015488,1053110,338,4294965824
1,2945,6176112640,1049793,7361,4294962414
1,2946,6178209792,1049982,8009,4294962861
1,2947,6180306944,1050070,830,4294956897
1,2948,6182404096,1045749,6865,4294965569
1,2949,6184501248,1048743,11089,4294966100
1,2950,6186598400,1045218,23337,4294960970
1,2951,6188695552,1045043,11055,4294954355
1,2952,6190792704,1049246,11927,4294966919
1,2953,6192889856,1049435,2866,4294966229
1,2954,6194987008,1050698,1874,4294960945
1,2955,6197084160,1051658,6722,4294964988
1,2956,6199181312,1048681,9932,4294966593
1,2957,6201278464,1049410,12935,4294957957
1,2958,6203375616,1047698,8908,4294957212
1,2959,6205472768,1045797,15714,4294952265
1,2960,6207569920,1050713,27739,4294965077
1,2961,6209667072,1047129,19804,4294964897
1,2962,6211764224,1049625,11995,4294966987
1,2963,6213861376,1051359,19852,4294955899
1,2964,6215958528,1047861,15821,4294962920
1,2965,6218055680,1050122,15773,4294964930
1,2966,6220152832,1052126,22415,4294945858
1,2967,6222249984,1063518,24333,4294962854
1,2968,6224347136,1046454,23373,4294951117
1,2969,6226444288,1049552,18120,4294955913
1,2970,6228541440,1050330,36598,4294966066
1,2971,6230638592,1054902,4737,4294963850
1,2972,6232735744,1048242,27565,4294958120
1,2973,6234832896,1045029,39696,4294945967
1,2974,6236930048,1049695,4997,4294964849
1,2975,6239027200,1048704,40065,4294949813
1,2976,6241124352,1047104,4048,4294959744
1,2977,6243221504,1045286,7453,4294962653
1,2978,6245318656,1049266,21712,4294952931
1,2979,6247415808,1049899,13744,4294966724
1,2980,6249512960,1045420,4429,4294961230
1,2981,6251610112,1046422,5421,4294966123
1,2982,6253707264,1046281,44356,4294966544
1,2983,6255804416,1043951,23750,4294955625
1,2984,6257901568,1047501,15839,4294960307
1,2985,6259998720,1046309,14843,4294960928
1,2986,6262095872,1045145,28320,4294960259
1,2987,6264193024,1045843,40014,4294966448
1,2988,6266290176,1046585,20932,4294958082
1,2989,6268387328,1051993,26512,4294962303
1,2990,6270484480,1050916,47607,4294957062
1,2991,6272581632,1047372,27051,4294966339
1,2992,6274678784,1048732,3802,4294961941
1,2993,6276775936,1046259,17994,4294958513
1,2994,6278873088,1050111,18986,4294962728
1,2995,6280970240,1044817,11869,4294964880
1,2996,6283067392,1046869,3484,4294965033
1,2997,6285164544,1050026,9148,4294962143
1,2998,6287261696,1048916,460,4294965698
1,2999,6289358848,1049086,7714,4294965424
1,3000,6291456000,1048392,334,4294951691
1,3001,6293553152,1051842,18116,4294938377
1,3002,6295650304,1046729,20797,4294965109
1,3003,6297747456,1064851,16702,4294965420
1,3004,6299844608,1046845,6994,4294964283
1,3005,6301941760,1046913,20923,4294962498
1,3006,6304038912,1050749,22085,4294962383
1,3007,6306136064,1045940,48704,4294956261
1,3008,6308233216,1050347,4241,4294965728
1,3009,6310330368,1049228,5777,4294966201
1,3010,6312427520,1046883,14347,4294955656
1,3011,6314524672,1049177,26059,4294964263
1,3012,6316621824,1063608,4486,4294965623
1,3013,6318718976,1050643,20609,4294965719
1,3014,6320816128,1050337,6598,4294965596
1,3015,6322913280,1048527,13846,4294965254
1,3016,6325010432,1045870,4686,4294966799
1,3017,6327107584,1046915,27578,4294942381
1,3018,6329204736,1045790,15232,4294954447
1,3019,6331301888,1048800,4678,4294964035
1,3020,6333399040,1047838,3446,4294964470
1,3021,6335496192,1047341,11184,4294965393
1,3022,6337593344,1049336,7579,4294958300
1,3023,6339690496,1051780,2934,4294965350
1,3024,6341787648,1049398,2254,4294949624
1,3025,6343884800,1049952,31979,4294959565
1,3026,6345981952,1050784,13419,4294953754
1,3027,6348079104,1046605,12427,4294961511
1,3028,6350176256,1045957,27853,4294964963
1,3029,6352273408,1046145,15451,4294966535
1,3030,6354370560,1049697,14043,4294961752
1,3031,6356467712,1049322,13551,4294965227
1,3032,6358564864,1047290,18894,4294965948
1,3033,6360662016,1048301,10186,4294958700
1,3034,6362759168,1044834,7531,4294966345
1,3035,6364856320,1049835,2750,4294966585
1,3036,6366953472,1048275,7956,4294966866
1,3037,6369050624,1046630,4555,4294966334
1,3038,6371147776,1044129,7721,4294965234
1,3039,6373244928,1045107,47377,4294966842
1,3040,6375342080,1050273,12304,4294961388
1,3041,6377439232,1045052,22089,4294960806
1,3042,6379536384,1047954,13296,4294965983
1,3043,6381633536,1045369,43205,4294960433
1,3044,6383730688,1046821,27892,4294965004
1,3045,6385827840,1047494,27371,4294948828
1,3046,6387924992,1045468,31800,4294964305
1,3047,6390022144,1048520,43613,4294962065
1,3048,6392119296,1045120,26253,4294962387
1,3049,6394216448,1045768,27553,4294964824
1,3050,6396313600,1047304,46537,4294962507
1,3051,6398410752,1046817,13166,4294966092
1,3052,6400507904,1047529,14796,4294959937
1,3053,6402605056,1050172,14832,4294946220
1,3054,6404702208,1047391,32428,4294965692
1,3055,6406799360,1047433,11178,4294961746
1,3056,6408896512,1046980,11551,4294967053
1,3057,6410993664,1046618,10063,4294964731
1,3058,6413090816,1049552,27080,4294960404
1,3059,6415187968,1048871,3678,4294963536
1,3060,6417285120,1050836,4938,4294967041
1,3061,6419382272,1047682,28469,4294966668
1,3062,6421479424,1045620,11200,4294954370
1,3063,6423576576,1045508,5430,4294966222
1,3064,6425673728,1047472,23245,4294966847
1,3065,6427770880,1046066,23209,4294966465
1,3066,6429868032,1045000,11580,4294956969
1,3067,6431965184,1045480,40006,4294966572
1,3068,6434062336,1050829,10998,4294958172
1,3069,6436159488,1046205,23928,4294958778
1,3070,6438256640,1048656,47794,4294961260
1,3071,6440353792,1056516,10870,4294962425
1,3072,6442450944,1071030,85,4294967189
1,3073,6444548096,1055408,1205,4294946978
1,3074,6446645248,1049779,3332,4294965827
1,3075,6448742400,1051119,22834,4294961779
1,3076,6450839552,1053519,1749,4294965477
1,3077,6452936704,1052367,2741,4294965860
1,3078,6455033856,1046740,9669,4294964460
1,3079,6457131008,1047061,9653,4294957832
1,3080,6459228160,1048349,32313,4294962462
1,3081,6461325312,1050575,32265,4294964977
1,3082,6463422464,1045936,7026,4294966651
1,3083,6465519616,1046859,7706,4294966084
1,3084,6467616768,1056509,2564,4294961151
1,3085,6469713920,1049105,15664,4294962405
1,3086,6471811072,1047787,2836,4294957783
1,3087,6473908224,1048418,10762,4294961521
1,3088,6476005376,1046966,15806,4294966411
1,3089,6478102528,1046551,38272,4294960571
1,3090,6480199680,1046624,11820,4294961864
1,3091,6482296832,1047416,8012,4294966641
1,3092,6484393984,1046823,30331,4294962864
1,3093,6486491136,1050288,11685,4294960523
1,3094,6488588288,1049695,4796,4294949108
1,3095,6490685440,1047945,13701,4294965520
1,3096,6492782592,1045326,5781,4294962258
1,3097,6494879744,1049023,3317,4294966205
1,3098,6496976896,1051595,4300,4294956418
1,3099,6499074048,1046206,8779,4294951882
1,3100,6501171200,1050561,581,4294963918
1,3101,6503268352,1051838,841,4294957291
1,3102,6505365504,1048028,14161,4294948362
1,3103,6507462656,1046231,43806,4294962603
1,3104,6509559808,1047791,14351,4294960133
1,3105,6511656960,1045355,15359,4294954108
1,3106,6513754112,1046834,19704,4294965553
1,3107,6515851264,1045692,15278,4294956058
1,3108,6517948416,1049689,6868,4294954875
1,3109,6520045568,1048204,7843,4294961947
1,3110,6522142720,1051541,7588,4294966014
1,3111,6524239872,1045618,14863,4294959813
1,3112,6526337024,1048960,3460,4294965955
1,3113,6528434176,1044618,39833,4294960004
1,3114,6530531328,1049658,9940,4294966103
1,3115,6532628480,1046193,15765,4294958248
1,3116,6534725632,1051762,3856,4294965931
1,3117,6536822784,1045188,5057,4294958180
1,3118,6538919936,1051943,3808,4294962164
1,3119,6541017088,1046817,23922,4294964162
1,3120,6543114240,1049860,10382,4294958730
1,3121,6545211392,1046816,26063,4294961018
1,3122,6547308544,1048505,13611,4294960973
1,3123,6549405696,1050520,10894,4294964605
1,3124,6551502848,1047324,4813,4294953117
1,3125,6553600000,1046821,15250,4294964267
1,3126,6555697152,1047083,32110,4294956524
1,3127,6557794304,1049841,23656,4294958264
1,3128,6559891456,1048757,27337,4294961888
1,3129,6561988608,1045946,28333,4294962816
1,3130,6564085760,1043561,56373,4294953521
1,3131,6566182912,1046546,22094,4294954683
1,3132,6568280064,1048758,10252,4294967059
1,3133,6570377216,1046581,15208,4294962613
1,3134,6572474368,1046524,30919,4294964920
1,3135,6574571520,1049556,11014,4294961139
1,3136,6576668672,1051745,6288,4294965759
1,3137,6578765824,1049103,15649,4294966854
1,3138,6580862976,1047720,13124,4294964784
1,3139,6582960128,1051018,11930,4294966922
1,3140,6585057280,1049104,20858,4294964218
1,3141,6587154432,1050970,3749,4294964815
1,3142,6589251584,1046411,28090,4294965846
1,3143,6591348736,1050017,22146,4294956655
1,3144,6593445888,1050972,3613,4294963829
1,3145,6595543040,1049206,10805,4294966400
1,3146,6597640192,1049438,14731,4294965627
1,3147,6599737344,1047811,13247,4294964240
1,3148,6601834496,1053073,2869,4294965285
1,3149,6603931648,1062752,6533,4294965654
1,3150,6606028800,1051918,12362,4294965162
1,3151,6608125952,1048792,4490,4294966280
1,3152,6610223104,1050886,7349,4294965381
1,3153,6612320256,1051804,1877,4294965605
1,3154,6614417408,1049604,35206,4294964513
1,3155,6616514560,1046676,11150,4294959826
1,3156,6618611712,1048138,14013,4294964661
1,3157,6620708864,1049524,3693,4294952326
1,3158,6622806016,1048948,40569,4294964478
1,3159,6624903168,1045931,23238,4294966932
1,3160,6627000320,1072346,6733,4294958804
1,3161,6629097472,1056219,16087,4294960897
1,3162,6631194624,1048538,19637,4294963583
1,3163,6633291776,1051354,16274,4294962838
1,3164,6635388928,1054829,6725,4294964776
1,3165,6637486080,1048268,3797,4294965906
1,3166,6639583232,1048228,19865,4294965723
1,3167,6641680384,1047635,12811,4294958224
1,3168,6643777536,1047425,12688,4294965855
1,3169,6645874688,1046410,9935,4294952128
1,3170,6647971840,1047467,40520,4294965600
1,3171,6650068992,1044535,43210,4294958346
1,3172,6652166144,1047747,7610,4294961813
1,3173,6654263296,1047443,28487,4294966596
1,3174,6656360448,1051797,19992,4294954461
1,3175,6658457600,1045058,6602,4294961572
1,3176,6660554752,1049024,7787,4294958351
1,3177,6662651904,1046444,12938,4294963460
1,3178,6664749056,1049559,9031,4294962272
1,3179,6666846208,1050544,10055,4294965300
1,3180,6668943360,1049131,8269,4294962091
1,3181,6671040512,1050354,9139,4294958621
1,3182,6673137664,1043455,27045,4294962848
1,3183,6675234816,1047952,38539,4294966328
1,3184,6677331968,1048754,8399,4294960517
1,3185,6679429120,1047636,25133,4294964809
1,3186,6681526272,1050719,12858,4294964588
1,3187,6683623424,1046404,31595,4294957215
1,3188,6685720576,1045289,28261,4294957976
1,3189,6687817728,1045187,12174,4294966044
1,3190,6689914880,1052603,9391,4294957586
1,3191,6692012032,1047143,11375,4294962179
1,3192,6694109184,1044188,23501,4294965258
1,3193,6696206336,1048293,3924,4294959620
1,3194,6698303488,1043559,15717,4294956881
1,3195,6700400640,1046972,20112,4294960465
1,3196,6702497792,1044206,24102,4294956619
1,3197,6704594944,1049509,11940,4294966908
1,3198,6706692096,1048340,30638,4294966134
1,3199,6708789248,1047190,23142,4294962743
1,3200,6710886400,1051105,2385,4294959180
1,3201,6712983552,1045920,3393,4294955593
1,3202,6715080704,1047375,29601,4294964144
1,3203,6717177856,1050117,7824,4294965095
1,3204,6719275008,1052114,2877,4294949573
1,3205,6721372160,1048732,2897,4294961582
1,3206,6723469312,1044632,7087,4294966736
1,3207,6725566464,1045484,39847,4294962523
1,3208,6727663616,1050851,19736,4294966803
1,3209,6729760768,1042653,7658,4294966779
1,3210,6731857920,1044977,15949,4294953965
1,3211,6733955072,1047274,36656,4294961818
1,3212,6736052224,1044718,19807,4294965581
1,3213,6738149376,1046355,11746,4294959426
1,3214,6740246528,1046733,27790,4294966472
1,3215,6742343680,1045799,26183,4294961689
1,3216,6744440832,1048912,23717,4294961619
1,3217,6746537984,1046531,46144,4294958827
1,3218,6748635136,1048862,23801,4294962362
1,3219,6750732288,1046717,10955,4294962683
1,3220,6752829440,1045246,28545,4294966159
1,3221,6754926592,1048566,11998,4294966978
1,3222,6757023744,1047321,15901,4294966990
1,3223,6759120896,1048856,14982,4294966458
1,3224,6761218048,1046139,19757,4294965293
1,3225,6763315200,1046757,84323,4294957792
1,3226,6765412352,1048483,13233,4294966212
1,3227,6767509504,1047173,13617,4294962545
1,3228,6769606656,1048983,19021,4294962232
1,3229,6771703808,1044533,27490,4294965939
1,3230,6773800960,1052062,7834,4294965973
1,3231,6775898112,1049055,19815,4294964861
1,3232,6777995264,1049525,6415,4294950268
1,3233,6780092416,1052257,7423,4294958395
1,3234,6782189568,1049477,7044,4294965361
1,3235,6784286720,1047024,53902,4294962923
1,3236,6786383872,1046522,28492,4294966601
1,3237,6788481024,1045260,27966,4294965881
1,3238,6790578176,1049532,6907,4294953098
1,3239,6792675328,1048102,6927,4294960211
1,3240,6794772480,1047897,44060,4294962240
1,3241,6796869632,1046934,47528,4294957233
1,3242,6798966784,1045219,43693,4294966385
1,3243,6801063936,1045046,15776,4294958848
1,3244,6803161088,1050062,6784,4294965050
1,3245,6805258240,1047242,3985,4294962590
1,3246,6807355392,1048523,24163,4294966060
1,3247,6809452544,1046203,27365,4294966481
1,3248,6811549696,1050537,18127,4294962252
1,3249,6813646848,1049946,32417,4294960761
1,3250,6815744000,1047858,24461,4294935760
1,3251,6817841152,1047672,12872,4294962025
1,3252,6819938304,1045776,27841,4294964539
1,3253,6822035456,1045768,7522,4294953785
1,3254,6824132608,1049177,6034,4294952620
1,3255,6826229760,1048423,35267,4294956834
1,3256,6828326912,1050575,15710,4294962857
1,3257,6830424064,1062437,42179,4294948795
1,3258,6832521216,1049406,27424,4294950439
1,3259,6834618368,1049560,27919,4294965105
1,3260,6836715520,1055912,4674,4294965715
1,3261,6838812672,1047381,19825,4294950778
1,3262,6840909824,1049899,27813,4294964356
1,3263,6843006976,1052261,4934,4294960293
1,3264,6845104128,1049600,2320,4294962458
1,3265,6847201280,1045482,11681,4294965516
1,3266,6849298432,1050250,18956,4294954163
1,3267,6851395584,1048230,10890,4294959692
1,3268,6853492736,1047221,30521,4294964563
1,3269,6855589888,1048523,24402,4294964474
1,3270,6857687040,1047939,22970,4294959378
1,3271,6859784192,1043667,24098,4294955779
1,3272,6861881344,1045684,2381,4294962519
1,3273,6863978496,1047999,19017,4294961659
1,3274,6866075648,1049269,6411,4294952517
1,3275,6868172800,1046994,6030,4294965025
1,3276,6870269952,1050288,2316,4294964559
1,3277,6872367104,1048002,18875,4294965451
1,3278,6874464256,1046587,19932,4294945941
1,3279,6876561408,1048570,2442,4294961649
1,3280,6878658560,1047210,22909,4294965790
1,3281,6880755712,1047243,19997,4294962783
1,3282,6882852864,1044931,11875,4294966069
1,3283,6884950016,1045981,31521,4294960452
1,3284,6887047168,1052506,3732,4294958679
1,3285,6889144320,1046855,10900,4294954187
1,3286,6891241472,1050374,3684,4294965781
1,3287,6893338624,1053535,4548,4294965589
1,3288,6895435776,1045470,39171,4294965455
1,3289,6897532928,1047285,11188,4294963853
1,3290,6899630080,1046979,2507,4294961914
1,3291,6901727232,1050485,2964,4294961714
1,3292,6903824384,1049914,4740,4294964097
1,3293,6905921536,1045852,15530,4294954509
1,3294,6908018688,1049802,4748,4294958464
1,3295,6910115840,1046451,11195,4294961741
1,3296,6912212992,1049341,6095,4294949000
1,3297,6914310144,1048837,7583,4294954870
1,3298,6916407296,1046651,16094,4294960822
1,3299,6918504448,1047166,13902,4294958123
1,3300,6920601600,1050436,12493,4294966154
1,3301,6922698752,1048589,54150,4294965710
1,3302,6924795904,1045926,50575,4294964689
1,3303,6926893056,1047809,27874,4294964886
1,3304,6928990208,1049038,12732,4294964427
1,3305,6931087360,1047072,24224,4294956182
1,3306,6933184512,1049044,15792,4294956533
1,3307,6935281664,1046050,13862,4294962823
1,3308,6937378816,1045543,6476,4294962957
1,3309,6939475968,1045277,23457,4294958291
1,3310,6941573120,1046402,19936,4294964891
1,3311,6943670272,1046767,27954,4294966614
1,3312,6945767424,1050770,2446,4294967183
1,3313,6947864576,1049701,5492,4294955339
1,3314,6949961728,1049545,3979,4294962584
1,3315,6952058880,1057603,2938,4294967109
1,3316,6954156032,1046352,22979,4294967115
1,3317,6956253184,1047775,19307,4294956384
1,3318,6958350336,1047024,12165,4294964852
1,3319,6960447488,1048130,19797,4294962070
1,3320,6962544640,1047813,5006,4294940963
1,3321,6964641792,1050810,15469,4294965354
1,3322,6966738944,1046558,19082,4294962293
1,3323,6968836096,1045874,11861,4294966527
1,3324,6970933248,1052792,2692,4294953310
1,3325,6973030400,1049117,7492,4294964404
1,3326,6975127552,1046551,27175,4294961680
1,3327,6977224704,1052413,10506,4294962487
1,3328,6979321856,1056294,2002,4294967251
1,3329,6981419008,1047909,11619,4294960717
1,3330,6983516160,1050285,22896,4294961073
1,3331,6985613312,1051064,11330,4294959747
1,3332,6987710464,1045120,24036,4294941902
1,3333,6989807616,1044650,11699,4294958280
1,3334,6991904768,1048382,5299,4294959434
1,3335,6994001920,1049085,7283,4294965539
1,3336,6996099072,1047752,6541,4294964545
1,3337,6998196224,1050689,7538,4294961213
1,3338,7000293376,1046302,10834,4294957600
1,3339,7002390528,1046032,18626,4294964432
1,3340,7004487680,1046337,7768,4294966146
1,3341,7006584832,1044087,7549,4294956338
1,3342,7008681984,1044531,19833,4294954795
1,3343,7010779136,1045875,5968,4294965039
1,3344,7012876288,1045298,27498,4294962787
1,3345,7014973440,1048317,23683,4294948309
1,3346,7017070592,1048655,5843,4294961834
1,3347,7019167744,1048068,15123,4294966267
1,3348,7021264896,1049816,6835,4294960592
1,3349,7023362048,1048596,14595,4294956888
1,3350,7025459200,1046885,15679,4294958155
1,3351,7027556352,1048204,6858,4294964956
1,3352,7029653504,1047381,11813,4294966007
1,3353,7031750656,1048879,13763,4294964682
1,3354,7033847808,1052871,28230,4294965682
1,3355,7035944960,1046144,43083,4294960651
1,3356,7038042112,1047321,28618,4294958316
1,3357,7040139264,1051209,6850,4294955538
1,3358,7042236416,1046454,19842,4294966727
1,3359,7044333568,1048788,13747,4294966631
1,3360,7046430720,1046346,4432,4294960179
1,3361,7048527872,1049258,15407,4294962888
1,3362,7050625024,1046562,24229,4294964329
1,3363,7052722176,1049236,11879,4294952761
1,3364,7054819328,1047935,10444,4294961233
1,3365,7056916480,1043579,26125,4294960873
1,3366,7059013632,1052541,13423,4294953248
1,3367,7061110784,1046208,29819,4294966073
1,3368,7063207936,1045996,12103,4294956957
1,3369,7065305088,1047474,20051,4294965914
1,3370,7067402240,1046107,47577,4294962627
1,3371,7069499392,1046677,46857,4294962878
1,3372,7071596544,1047838,16206,4294966126
1,3373,7073693696,1046550,7408,4294967121
1,3374,7075790848,1046700,15833,4294948918
1,3375,7077888000,1053333,4924,4294967047
1,3376,7079985152,1050108,12431,4294966357
1,3377,7082082304,1047894,12797,4294965648
1,3378,7084179456,1046027,43855,4294966547
1,3379,7086276608,1044725,27944,4294964492
1,3380,7088373760,1045276,20045,4294966261
1,3381,7090470912,1047033,14664,4294964748
1,3382,7092568064,1046301,2994,4294962643
1,3383,7094665216,1046441,15183,4294944348
1,3384,7096762368,1047011,14413,4294962311
1,3385,7098859520,1045503,15421,4294961247
1,3386,7100956672,1043333,15672,4294956120
1,3387,7103053824,1044226,23765,4294964365
1,3388,7105150976,1045911,31116,4294963465
1,3389,7107248128,1045444,31525,4294953028
1,3390,7109345280,1046247,7905,4294964829
1,3391,7111442432,1046579,22034,4294957373
1,3392,7113539584,1051902,6160,4294963590
1,3393,7115636736,1049413,16019,4294960699
1,3394,7117733888,1046174,15724,4294948771
1,3395,7119831040,1048931,40692,4294965871
1,3396,7121928192,1045918,29730,4294956103
1,3397,7124025344,1047734,36125,4294962334
1,3398,7126122496,1046153,48227,4294936268
1,3399,7128219648,1045963,14959,4294963522
1,3400,7130316800,1047590,12750,4294966026
1,3401,7132413952,1048507,32507,4294960231
1,3402,7134511104,1044703,19564,4294954035
1,3403,7136608256,1048847,24082,4294965662
1,3404,7138705408,1050977,23982,4294945776
1,3405,7140802560,1047947,6656,4294964715
1,3406,7142899712,1047609,14854,4294961491
1,3407,7144996864,1047035,3736,4294964967
1,3408,7147094016,1048726,28475,4294960262
1,3409,7149191168,1046921,13967,4294948282
1,3410,7151288320,1043889,14536,4294950695
1,3411,7153385472,1046766,28323,4294961105
1,3412,7155482624,1046213,15910,4294962149
1,3413,7157579776,1049142,8888,4294964871
1,3414,7159676928,1048019,9036,4294931573
1,3415,7161774080,1049621,12920,4294958382
1,3416,7163871232,1054657,8392,4294957579
1,3417,7165968384,1045117,27633,4294966451
1,3418,7168065536,1044943,30272,4294965320
1,3419,7170162688,1046934,9154,4294960887
1,3420,7172259840,1048355,18253,4294965819
1,3421,7174356992,1044829,35145,4294966539
1,3422,7176454144,1047944,13068,4294960500
1,3423,7178551296,1046357,16195,4294964999
1,3424,7180648448,1050390,208,4294962598
1,3425,7182745600,1042931,21959,4294964157
1,3426,7184842752,1051630,3688,4294964754
1,3427,7186939904,1051216,9518,4294961417
1,3428,7189037056,1042888,26380,4294965968
1,3429,7191134208,1045906,27728,4294964838
1,3430,7193231360,1045455,20675,4294965785
1,3431,7195328512,1046750,29513,4294958085
1,3432,7197425664,1049954,30538,4294966674
1,3433,7199522816,1045805,23300,4294966352
1,3434,7201619968,1048042,13063,4294952388
1,3435,7203717120,1049269,11502,4294964723
1,3436,7205814272,1048120,15079,4294965443
1,3437,7207911424,1052894,704,4294946582
1,3438,7210008576,1048947,8140,4294959888
1,3439,7212105728,1048199,15982,4294966793
1,3440,7214202880,1047274,11052,4294966097
1,3441,7216300032,1047972,11948,4294966916
1,3442,7218397184,1048698,24330,4294961992
1,3443,7220494336,1049065,13186,4294965775
1,3444,7222591488,1047030,29636,4294966721
1,3445,7224688640,1052812,14840,4294962300
1,3446,7226785792,1047968,55985,4294958510
1,3447,7228882944,1048501,20920,4294964280
1,3448,7230980096,1060652,12558,4294965593
1,3449,7233077248,1050893,7576,4294965347
1,3450,7235174400,1053056,12424,4294965224
1,3451,7237271552,1047783,4552,4294966582
1,3452,7239368704,1045936,12301,4294961385
1,3453,7241465856,1047386,15325,4294965689
1,3454,7243563008,1049193,10060,4294966219
1,3455,7245660160,1047151,24214,4294966050
1,3456,7247757312,1055957,466,4294953885
1,3457,7249854464,1046617,20225,4294962402
1,3458,7251951616,1044504,14992,4294955996
1,3459,7254048768,1049343,9266,4294955938
1,3460,7256145920,1046994,14801,4294961944
1,3461,7258243072,1048306,3805,4294965952
1,3462,7260340224,1046190,13608,4294961015
1,3463,7262437376,1044526,43683,4294964917
1,3464,7264534528,1052754,3746,4294963276
1,3465,7266631680,1050428,10802,4294965459
1,3466,7268728832,1047306,9810,4294954725
1,3467,7270825984,1054590,3794,4294962135
1,3468,7272923136,1048713,20013,4294959942
1,3469,7275020288,1048155,9136,4294962845
1,3470,7277117440,1048380,12171,4294966041
1,3471,7279214592,1044601,20305,4294960462
1,3472,7281311744,1049319,7084,4294957632
1,3473,7283408896,1045933,22925,4294960772
1,3474,7285506048,1047388,10952,4294955681
1,3475,7287603200,1047010,28190,4294964858
1,3476,7289700352,1053629,6904,4294954762
1,3477,7291797504,1046185,6781,4294957230
1,3478,7293894656,1048550,19372,4294964536
1,3479,7295991808,1048770,40145,4294964353
1,3480,7298088960,1047410,19689,4294960911
1,3481,7300186112,1051322,6408,4294965448
1,3482,7302283264,1048372,11872,4294964115
1,3483,7304380416,1047541,2504,4294962096
1,3484,7306477568,1046096,6092,4294965707
1,3485,7308574720,1044091,19681,4294956530
1,3486,7310671872,1044803,35716,4294967180
1,3487,7312769024,1046475,7489,4294964401
1,3488,7314866176,1049921,1999,4294967248
1,3489,7316963328,1048971,7535,4294966143
1,3490,7319060480,1047970,14592,4294964046
1,3491,7321157632,1046620,7099,4294956356
1,3492,7323254784,1047031,20067,4294958478
1,3493,7325351936,1051265,42804,4294956954
1,3494,7327449088,1046850,2991,4294962640
1,3495,7329546240,1049391,7902,4294952356
1,3496,7331643392,1049462,16016,4294956369
1,3497,7333740544,1047003,7645,4294966023
1,3498,7335837696,1053200,9917,4294962146
1,3499,7337934848,1046682,8523,4294962802
1,3500,7340032000,1050416,717,4294960509
1,3501,7342129152,1051950,709,4294966349
1,3502,7344226304,1047396,14837,4294958507
1,3503,7346323456,1051140,5557,4294966579
1,3504,7348420608,1050415,463,4294953869
1,3505,7350517760,1052083,12613,4294962132
1,3506,7352614912,1046962,6901,4294949306
1,3507,7354712064,1048469,6089,4294967177
1,3508,7356809216,1051590,1996,4294952366
1,3509,7358906368,1053206,958,4294957707
1,3510,7361003520,1074315,952,4294967174
1,3511,7363100672,1055601,1461,4294965672
1,3512,7365197824,1047082,8654,4294966589
1,3513,7367294976,1048329,19108,4294962355
1,3514,7369392128,1048563,4044,4294965675
1,3515,7371489280,1056524,456,4294965416
1,3516,7373586432,1046924,3442,4294965427
1,3517,7375683584,1051618,2754,4294953372
1,3518,7377780736,1047931,34246,4294957873
1,3519,7379877888,1045025,10568,4294963532
1,3520,7381975040,1050420,337,4294962413
1,3521,7384072192,1051039,829,4294961789
1,3522,7386169344,1045026,11088,4294965549
1,3523,7388266496,1044633,23336,4294960969
1,3524,7390363648,1048070,2865,4294966870
1,3525,7392460800,1049366,1873,4294960944
1,3526,7394557952,1050623,9931,4294966592
1,3527,7396655104,1047082,8907,4294952264
1,3528,7398752256,1048113,19803,4294965076
1,3529,7400849408,1046260,19851,4294962358
1,3530,7402946560,1048034,19111,4294964929
1,3531,7405043712,1053748,22414,4294962853
1,3532,7407140864,1049449,18119,4294952100
1,3533,7409238016,1054614,4736,4294963849
1,3534,7411335168,1045477,27564,4294958119
1,3535,7413432320,1049137,4996,4294954693
1,3536,7415529472,1045774,4047,4294962652
1,3537,7417626624,1051057,13743,4294965678
1,3538,7419723776,1044404,4428,4294966122
1,3539,7421820928,1044485,23749,4294953627
1,3540,7423918080,1045557,23978,4294960927
1,3541,7426015232,1046068,40013,4294960258
1,3542,7428112384,1049289,20931,4294960661
1,3543,7430209536,1046313,27050,4294966338
1,3544,7432306688,1047149,15298,4294957969
1,3545,7434403840,1047290,11868,4294962933
1,3546,7436500992,1049036,3483,4294960072
1,3547,7438598144,1051099,459,4294965697
1,3548,7440695296,1053583,333,4294940759
1,3549,7442792448,1062360,16701,4294965419
1,3550,7444889600,1046928,6993,4294962497
1,3551,7446986752,1047945,22084,4294960801
1,3552,7449083904,1048960,4240,4294959242
1,3553,7451181056,1048169,26058,4294946178
1,3554,7453278208,1050624,7557,4294965622
1,3555,7455375360,1047467,13845,4294964206
1,3556,7457472512,1045047,38477,4294966798
1,3557,7459569664,1046453,39901,4294963774
1,3558,7461666816,1046666,3445,4294964469
1,3559,7463763968,1047883,6997,4294958299
1,3560,7465861120,1049503,2765,4294959488
1,3561,7467958272,1049773,29066,4294961510
1,3562,7470055424,1044758,31790,4294966534
1,3563,7472152576,1046614,13550,4294961751
1,3564,7474249728,1046257,10185,4294965947
1,3565,7476346880,1048056,2757,4294958473
1,3566,7478444032,1046617,20926,4294966865
1,3567,7480541184,1043773,7720,4294966841
1,3568,7482638336,1046310,22088,4294960805
1,3569,7484735488,1046557,43204,4294965982
1,3570,7486832640,1047498,46468,4294962117
1,3571,7488929792,1047460,43612,4294962064
1,3572,7491026944,1044368,31533,4294962386
1,3573,7493124096,1045861,27240,4294962506
1,3574,7495221248,1048286,27644,4294959936
1,3575,7497318400,1046817,11177,4294961745
1,3576,7499415552,1045000,11550,4294962552
1,3577,7501512704,1047702,23820,4294963535
1,3578,7503609856,1046551,5909,4294966667
1,3579,7505707008,1044854,7397,4294961360
1,3580,7507804160,1046056,23779,4294966846
1,3581,7509901312,1045071,11579,4294966571
1,3582,7511998464,1049886,10997,4294958777
1,3583,7514095616,1053267,23080,4294961259
1,3584,7516192768,1063246,84,4294967188
1,3585,7518289920,1050631,11267,4294965826
1,3586,7520387072,1051553,3564,4294965476
1,3587,7522484224,1047164,11636,4294964459
1,3588,7524581376,1050718,32264,4294964976
1,3589,7526678528,1046438,7705,4294966083
1,3590,7528775680,1053345,7363,4294961150
1,3591,7530872832,1047869,10771,4294954337
1,3592,7532969984,1047688,15805,4294949004
1,3593,7535067136,1047363,8011,4294966640
1,3594,7537164288,1050404,36177,4294962863
1,3595,7539261440,1050377,13700,4294963336
1,3596,7541358592,1047389,3316,4294966204
1,3597,7543455744,1049438,8778,4294951881
1,3598,7545552896,1051383,580,4294956825
1,3599,7547650048,1048610,15616,4294959246
1,3600,7549747200,1046703,14350,4294960132
1,3601,7551844352,1045099,30031,4294965552
1,3602,7553941504,1048032,6867,4294954874
1,3603,7556038656,1046392,7587,4294965571
1,3604,7558135808,1045436,3459,4294960003
1,3605,7560232960,1045511,14785,4294966102
1,3606,7562330112,1048547,27624,4294958179
1,3607,7564427264,1048124,23921,4294956254
1,3608,7566524416,1045572,10381,4294960810
1,3609,7568621568,1050807,23339,4294964604
1,3610,7570718720,1048143,15249,4294964266
1,3611,7572815872,1048217,38953,4294956523
1,3612,7574913024,1047744,40206,4294962815
1,3613,7577010176,1046435,22093,4294953520
1,3614,7579107328,1048757,15207,4294967058
1,3615,7581204480,1048318,11057,4294954357
1,3616,7583301632,1049004,11977,4294966853
1,3617,7585398784,1047491,11929,4294966921
1,3618,7587495936,1048533,19944,4294964814
1,3619,7589593088,1049914,22145,4294962558
1,3620,7591690240,1050624,3612,4294965987
1,3621,7593787392,1048429,13246,4294965626
1,3622,7595884544,1061644,2868,4294965530
1,3623,7597981696,1052590,4489,4294966279
1,3624,7600078848,1051691,1876,4294965380
1,3625,7602176000,1049016,11149,4294964512
1,3626,7604273152,1049423,14012,4294964660
1,3627,7606370304,1046674,23237,4294966289
1,3628,7608467456,1054941,6732,4294958930
1,3629,7610564608,1045334,16273,4294963582
1,3630,7612661760,1050663,6724,4294965905
1,3631,7614758912,1046273,20612,4294965722
1,3632,7616856064,1046247,9934,4294952127
1,3633,7618953216,1046642,43209,4294965599
1,3634,7621050368,1046076,7609,4294966595
1,3635,7623147520,1047705,6601,4294946529
1,3636,7625244672,1048346,12937,4294963459
1,3637,7627341824,1051163,9030,4294962271
1,3638,7629438976,1051122,8268,4294962090
1,3639,7631536128,1044159,38857,4294966327
1,3640,7633633280,1048490,8764,4294964808
1,3641,7635730432,1051333,12857,4294957214
1,3642,7637827584,1043415,14473,4294945221
1,3643,7639924736,1049217,9894,4294949903
1,3644,7642021888,1046702,15893,4294965257
1,3645,7644119040,1044358,15716,4294957516
1,3646,7646216192,1045760,23840,4294964389
1,3647,7648313344,1047317,23141,4294962742
1,3648,7650410496,1048511,4177,4294959179
1,3649,7652507648,1051404,20545,4294965094
1,3650,7654604800,1048168,15050,4294961581
1,3651,7656701952,1043891,39846,4294966735
1,3652,7658799104,1045155,7657,4294966802
1,3653,7660896256,1047377,15948,4294952977
1,3654,7662993408,1046079,19806,4294959425
1,3655,7665090560,1047871,26182,4294966471
1,3656,7667187712,1046505,23716,4294957928
1,3657,7669284864,1047821,57032,4294962361
1,3658,7671382016,1045796,11997,4294966977
1,3659,7673479168,1049362,15900,4294966989
1,3660,7675576320,1045632,27307,4294957791
1,3661,7677673472,1047970,13232,4294958308
1,3662,7679770624,1044916,27489,4294960491
1,3663,7681867776,1051514,27581,4294959873
1,3664,7683964928,1047788,15235,4294958394
1,3665,7686062080,1048570,23428,4294965360
1,3666,7688159232,1047705,27965,4294962434
1,3667,7690256384,1047386,15823,4294960210
1,3668,7692353536,1049099,44059,4294962239
1,3669,7694450688,1045752,15775,4294966384
1,3670,7696547840,1046575,3984,4294965049
1,3671,7698644992,1048155,27364,4294966480
1,3672,7700742144,1053141,24109,4294958864
1,3673,7702839296,1049546,12871,4294953317
1,3674,7704936448,1044401,11025,4294945860
1,3675,7707033600,1051313,8082,4294956833
1,3676,7709130752,1061804,15709,4294962856
1,3677,7711227904,1052485,28315,4294964038
1,3678,7713325056,1055262,4673,4294965714
1,3679,7715422208,1051631,4933,4294954803
1,3680,7717519360,1046936,7021,4294950459
1,3681,7719616512,1048321,10889,4294954850
1,3682,7721713664,1048450,24401,4294964473
1,3683,7723810816,1044240,22969,4294952655
1,3684,7725907968,1045434,42185,4294961658
1,3685,7728005120,1047032,6029,4294958641
1,3686,7730102272,1048850,18809,4294964558
1,3687,7732199424,1046202,2441,4294961648
1,3688,7734296576,1047408,36600,4294962782
1,3689,7736393728,1045188,31520,4294966068
1,3690,7738490880,1050057,3731,4294958678
1,3691,7740588032,1052749,3683,4294965780
1,3692,7742685184,1048358,11187,4294963852
1,3693,7744782336,1050730,2963,4294961913
1,3694,7746879488,1047192,4739,4294964096
1,3695,7748976640,1047291,4747,4294961740
1,3696,7751073792,1050611,7582,4294954869
1,3697,7753170944,1047217,27567,4294958122
1,3698,7755268096,1049162,20350,4294958303
1,3699,7757365248,1045500,35674,4294964421
1,3700,7759462400,1047847,15117,4294964426
1,3701,7761559552,1047365,59532,4294962822
1,3702,7763656704,1047001,23456,4294962956
1,3703,7765753856,1047196,22408,4294966613
1,3704,7767851008,1052294,5491,4294949673
1,3705,7769948160,1057852,2937,4294967108
1,3706,7772045312,1048804,19306,4294967114
1,3707,7774142464,1049472,12164,4294964851
1,3708,7776239616,1052115,5005,4294965353
1,3709,7778336768,1046785,11860,4294966526
1,3710,7780433920,1052089,2691,4294958233
1,3711,7782531072,1049333,10505,4294960358
1,3712,7784628224,1050866,2257,4294961454
1,3713,7786725376,1051093,26257,4294959746
1,3714,7788822528,1044359,24035,4294941901
1,3715,7790919680,1049618,12736,4294964411
1,3716,7793016832,1049502,11067,4294962655
1,3717,7795113984,1045721,18625,4294964431
1,3718,7797211136,1045261,40705,4294961596
1,3719,7799308288,1045562,5967,4294962945
1,3720,7801405440,1047443,27497,4294962036
1,3721,7803502592,1046749,15122,4294959568
1,3722,7805599744,1048393,22706,4294956887
1,3723,7807696896,1047020,6857,4294949123
1,3724,7809794048,1045660,11812,4294966006
1,3725,7811891200,1047209,36538,4294965681
1,3726,7813988352,1051771,6849,4294954201
1,3727,7816085504,1049585,13746,4294966726
1,3728,7818182656,1049893,4431,4294960178
1,3729,7820279808,1046344,24228,4294960841
1,3730,7822376960,1045795,10443,4294961232
1,3731,7824474112,1048734,13422,4294953247
1,3732,7826571264,1046196,12102,4294965913
1,3733,7828668416,1045717,55683,4294962877
1,3734,7830765568,1046726,7407,4294967120
1,3735,7832862720,1048711,4923,4294967046
1,3736,7834959872,1048447,12430,4294965647
1,3737,7837057024,1045144,55668,4294966546
1,3738,7839154176,1046440,16031,4294958060
1,3739,7841251328,1047094,15738,4294940128
1,3740,7843348480,1045776,31633,4294956470
1,3741,7845445632,1042779,23764,4294964364
1,3742,7847542784,1042768,31115,4294955754
1,3743,7849639936,1044750,19873,4294964828
1,3744,7851737088,1048441,14479,4294962189
1,3745,7853834240,1045551,15723,4294960309
1,3746,7855931392,1047919,42892,4294958438
1,3747,7858028544,1045523,15841,4294956126
1,3748,7860125696,1048484,32506,4294962694
1,3749,7862222848,1046384,27466,4294958550
1,3750,7864320000,1048887,14845,4294959984
1,3751,7866417152,1047410,14922,4294964966
1,3752,7868514304,1047546,15454,4294960261
1,3753,7870611456,1043165,28322,4294961104
1,3754,7872708608,1045087,28346,4294964870
1,3755,7874805760,1046572,47465,4294942346
1,3756,7876902912,1047484,32590,4294966450
1,3757,7879000064,1045234,19088,4294954492
1,3758,7881097216,1047112,42302,4294966538
1,3759,7883194368,1049186,31794,4294964998
1,3760,7885291520,1046568,20934,4294953407
1,3761,7887388672,1046901,61175,4294961755
1,3762,7889485824,1045223,26379,4294965967
1,3763,7891582976,1046135,42435,4294958084
1,3764,7893680128,1048223,58364,4294966673
1,3765,7895777280,1049589,14046,4294962827
1,3766,7897874432,1049222,10130,4294960681
1,3767,7899971584,1046170,29060,4294960418
1,3768,7902068736,1046256,11947,4294966915
1,3769,7904165888,1048582,27834,4294957490
1,3770,7906263040,1049321,26508,4294962620
1,3771,7908360192,1046518,54984,4294957866
1,3772,7910457344,1048893,13170,4294957298
1,3773,7912554496,1048211,27245,4294966341
1,3774,7914651648,1045640,26249,4294960429
1,3775,7916748800,1046918,27519,4294966049
1,3776,7918845952,1051510,6480,4294951657
1,3777,7920943104,1046362,14991,4294955995
1,3778,7923040256,1048643,3804,4294965951
1,3779,7925137408,1045537,52405,4294961884
1,3780,7927234560,1052149,3745,4294964371
1,3781,7929331712,1050665,3793,4294955728
1,3782,7931428864,1046194,18244,4294959941
1,3783,7933526016,1046014,12170,4294966040
1,3784,7935623168,1046422,10189,4294957113
1,3785,7937720320,1048238,10951,4294964857
1,3786,7939817472,1051054,6780,4294954620
1,3787,7941914624,1047487,40144,4294962753
1,3788,7944011776,1046960,19688,4294960910
1,3789,7946108928,1046114,11871,4294963346
1,3790,7948206080,1043490,19680,4294964882
1,3791,7950303232,1045512,7488,4294962936
1,3792,7952400384,1047475,3486,4294966142
1,3793,7954497536,1046667,22223,4294964045
1,3794,7956594688,1048695,42803,4294958477
1,3795,7958691840,1048792,7901,4294962639
1,3796,7960788992,1045325,16015,4294954031
1,3797,7962886144,1049963,9012,4294962801
1,3798,7964983296,1050212,25894,4294966348
1,3799,7967080448,1049804,7949,4294966578
1,3800,7969177600,1049106,462,4294962131
1,3801,7971274752,1044502,23935,4294964397
1,3802,7973371904,1048274,11205,4294952365
1,3803,7975469056,1056242,1454,4294965700
1,3804,7977566208,1044307,36170,4294966588
1,3805,7979663360,1049487,28206,4294953394
1,3806,7981760512,1049348,2753,4294965426
1,3807,7983857664,1045868,23461,4294963531
1,3808,7985954816,1052304,336,4294949152
1,3809,7988051968,1046557,11087,4294965548
1,3810,7990149120,1047173,1872,4294966869
1,3811,7992246272,1049507,15889,4294953379
1,3812,7994343424,1048780,19802,4294965075
1,3813,7996440576,1052223,20118,4294964928
1,3814,7998537728,1054419,18118,4294958094
1,3815,8000634880,1047506,24379,4294949811
1,3816,8002732032,1049158,4558,4294965126
1,3817,8004829184,1045469,4427,4294966121
1,3818,8006926336,1045542,40012,4294960926
1,3819,8009023488,1048057,20930,4294966337
1,3820,8011120640,1046896,11867,4294962726
1,3821,8013217792,1050042,11915,4294965696
1,3822,8015314944,1063837,332,4294947386
1,3823,8017412096,1046726,6992,4294962496
1,3824,8019509248,1048315,7724,4294959241
1,3825,8021606400,1048243,13844,4294965621
1,3826,8023703552,1044734,38476,4294963773
1,3827,8025800704,1046996,6996,4294964285
1,3828,8027897856,1047501,31110,4294961509
1,3829,8029995008,1045405,30989,4294966533
1,3830,8032092160,1045011,21925,4294965946
1,3831,8034189312,1044465,20925,4294965070
1,3832,8036286464,1046573,22087,4294965981
1,3833,8038383616,1046707,43611,4294962116
1,3834,8040480768,1047563,28557,4294962505
1,3835,8042577920,1047617,47559,4294959935
1,3836,8044675072,1044990,23819,4294960402
1,3837,8046772224,1045020,23771,4294966666
1,3838,8048869376,1044018,23778,4294966845
1,3839,8050966528,1050282,11380,4294961258
1,3840,8053063680,1055171,2194,4294967187
1,3841,8055160832,1049431,5235,4294965475
1,3842,8057257984,1048175,7704,4294966082
1,3843,8059355136,1053452,7474,4294961149
1,3844,8061452288,1046886,13683,4294966639
1,3845,8063549440,1051210,13699,4294963335
1,3846,8065646592,1049741,5779,4294966203
1,3847,8067743744,1047465,6771,4294959245
1,3848,8069840896,1046356,14349,4294956056
1,3849,8071938048,1045320,7841,4294954436
1,3850,8074035200,1044346,3458,4294957997
1,3851,8076132352,1046342,40164,4294958178
1,3852,8078229504,1050299,10380,4294960809
1,3853,8080326656,1050663,38952,4294964265
1,3854,8082423808,1046324,22092,4294962814
1,3855,8084520960,1050470,21840,4294967057
1,3856,8086618112,1049838,13122,4294966852
1,3857,8088715264,1051642,20856,4294964216
1,3858,8090812416,1049054,13245,4294965986
1,3859,8092909568,1061906,4488,4294966278
1,3860,8095006720,1048342,10067,4294965379
1,3861,8097103872,1049187,14011,4294966288
1,3862,8099201024,1050468,16272,4294963581
1,3863,8101298176,1048096,20611,4294965904
1,3864,8103395328,1047164,12686,4294965598
1,3865,8105492480,1046640,6600,4294961427
1,3866,8107589632,1049514,29666,4294963458
1,3867,8109686784,1047202,22464,4294965807
1,3868,8111783936,1049072,12856,4294964807
1,3869,8113881088,1046904,14472,4294949902
1,3870,8115978240,1046486,30208,4294965256
1,3871,8118075392,1044825,23140,4294964388
1,3872,8120172544,1048029,4176,4294964142
1,3873,8122269696,1045268,15049,4294966734
1,3874,8124366848,1045730,7656,4294966801
1,3875,8126464000,1046869,30390,4294966470
1,3876,8128561152,1046480,23715,4294961195
1,3877,8130658304,1045130,15899,4294963471
1,3878,8132755456,1046165,43140,4294944625
1,3879,8134852608,1044879,27580,4294959872
1,3880,8136949760,1048147,15234,4294965359
1,3881,8139046912,1046882,27964,4294962433
1,3882,8141144064,1045883,42825,4294958846
1,3883,8143241216,1046929,3983,4294966058
1,3884,8145338368,1049737,12870,4294958863
1,3885,8147435520,1047815,8081,4294952618
1,3886,8149532672,1052710,51807,4294964037
1,3887,8151629824,1053611,4672,4294963785
1,3888,8153726976,1049263,7020,4294954849
1,3889,8155824128,1047067,22968,4294964472
1,3890,8157921280,1045684,6028,4294961657
1,3891,8160018432,1047785,2440,4294963960
1,3892,8162115584,1045515,31519,4294962781
1,3893,8164212736,1051067,3682,4294965395
1,3894,8166309888,1047259,2962,4294955932
1,3895,8168407040,1045416,4990,4294961739
1,3896,8170504192,1050000,7581,4294956864
1,3897,8172601344,1048352,20349,4294960445
1,3898,8174698496,1050005,15116,4294956700
1,3899,8176795648,1049268,22407,4294962955
1,3900,8178892800,1060438,2936,4294967107
1,3901,8180989952,1048415,12163,4294967113
1,3902,8183087104,1050505,5004,4294966525
1,3903,8185184256,1052541,2690,4294958232
1,3904,8187281408,1050740,2256,4294949626
1,3905,8189378560,1046532,24034,4294964410
1,3906,8191475712,1049263,11066,4294963898
1,3907,8193572864,1045724,5966,4294962944
1,3908,8195670016,1046726,22993,4294962035
1,3909,8197767168,1047241,34699,4294956886
1,3910,8199864320,1045168,11811,4294966005
1,3911,8201961472,1050453,23878,4294961349
1,3912,8204058624,1049999,4942,4294960840
1,3913,8206155776,1049815,10442,4294955968
1,3914,8208252928,1046239,12101,4294962876
1,3915,8210350080,1050085,4922,4294967119
1,3916,8212447232,1047810,12429,4294965646
1,3917,8214544384,1047043,16030,4294958059
1,3918,8216641536,1044735,23763,4294964363
1,3919,8218738688,1042936,19872,4294964827
1,3920,8220835840,1047544,15722,4294962188
1,3921,8222932992,1045081,59170,4294956101
1,3922,8225030144,1048813,27465,4294962693
1,3923,8227127296,1050134,27855,4294964965
1,3924,8229224448,1044227,15453,4294961103
1,3925,8231321600,1047349,42763,4294964869
1,3926,8233418752,1046833,19087,4294962510
1,3927,8235515904,1050085,31793,4294966537
1,3928,8237613056,1047457,31891,4294961754
1,3929,8239710208,1045509,26378,4294964836
1,3930,8241807360,1046156,14045,4294966672
1,3931,8243904512,1046888,10129,4294959886
1,3932,8246001664,1049243,11946,4294966914
1,3933,8248098816,1045597,26507,4294962619
1,3934,8250195968,1048136,13169,4294965229
1,3935,8252293120,1047843,26248,4294964797
1,3936,8254390272,1047969,14287,4294955994
1,3937,8256487424,1047110,14799,4294965950
1,3938,8258584576,1051237,3744,4294963602
1,3939,8260681728,1046254,12169,4294966039
1,3940,8262778880,1046481,10188,4294964856
1,3941,8264876032,1046368,40143,4294962752
1,3942,8266973184,1046964,23276,4294960909
1,3943,8269070336,1043373,56418,4294958702
1,3944,8271167488,1047410,7533,4294966141
1,3945,8273264640,1048641,7900,4294958476
1,3946,8275361792,1046665,14931,4294962800
1,3947,8277458944,1049114,7948,4294966577
1,3948,8279556096,1047096,12611,4294964396
1,3949,8281653248,1051872,3012,4294961329
1,3950,8283750400,1045714,108686,4294966587
1,3951,8285847552,1047443,2752,4294953299
1,3952,8287944704,1048037,7958,4294956518
1,3953,8290041856,1047690,24199,4294966868
1,3954,8292139008,1050236,19801,4294965074
1,3955,8294236160,1052137,27589,4294954586
1,3956,8296333312,1048609,4426,4294966120
1,3957,8298430464,1046896,20929,4294966336
1,3958,8300527616,1046586,11866,4294965695
1,3959,8302624768,1048932,19881,4294962495
1,3960,8304721920,1047044,7723,4294965236
1,3961,8306819072,1045868,11181,4294950477
1,3962,8308916224,1047512,31109,4294966532
1,3963,8311013376,1045098,48151,4294958471
1,3964,8313110528,1045661,43202,4294965980
1,3965,8315207680,1044896,31531,4294962504
1,3966,8317304832,1044603,47379,4294961358
1,3967,8319401984,1046429,23078,4294966844
1,3968,8321499136,1052210,2193,4294961390
1,3969,8323596288,1051697,11003,4294961532
1,3970,8325693440,1049123,13682,4294966638
1,3971,8327790592,1049137,15614,4294956823
1,3972,8329887744,1044984,31569,4294956055
1,3973,8331984896,1046156,15967,4294958177
1,3974,8334082048,1051264,10379,4294960808
1,3975,8336179200,1048617,22091,4294967056
1,3976,8338276352,1048219,31205,4294966851
1,3977,8340373504,1050292,13106,4294966277
1,3978,8342470656,1048673,10066,4294962763
1,3979,8344567808,1048018,20870,4294965903
1,3980,8346664960,1046661,43207,4294958819
1,3981,8348762112,1048159,48545,4294960245
1,3982,8350859264,1045858,28258,4294964806
1,3983,8352956416,1045083,39952,4294960435
1,3984,8355053568,1046885,11646,4294959177
1,3985,8357150720,1046689,24131,4294966469
1,3986,8359247872,1045451,23714,4294961194
1,3987,8361345024,1045984,43139,4294959871
1,3988,8363442176,1048320,19612,4294965358
1,3989,8365539328,1047365,14971,4294966057
1,3990,8367636480,1049482,11023,4294958862
1,3991,8369733632,1054012,19822,4294960791
1,3992,8371830784,1046875,10887,4294957140
1,3993,8373927936,1045026,23213,4294958639
1,3994,8376025088,1047344,3681,4294964307
1,3995,8378122240,1045296,18833,4294955931
1,3996,8380219392,1047512,30644,4294960444
1,3997,8382316544,1049940,23824,4294962954
1,3998,8384413696,1050417,2949,4294962067
1,3999,8386510848,1050268,2689,4294966524
1,4000,8388608000,1047457,6957,4294964409
1,4001,8390705152,1046193,5965,4294963897
1,4002,8392802304,1046026,31536,4294957879
1,4003,8394899456,1047850,36536,4294966004
1,4004,8396996608,1051618,4941,4294955967
1,4005,8399093760,1050489,4921,4294967044
1,4006,8401190912,1046924,27555,4294958239
1,4007,8403288064,1044066,23762,4294964826
1,4008,8405385216,1048765,27021,4294956100
1,4009,8407482368,1049191,27464,4294958548
1,4010,8409579520,1047766,28472,4294964868
1,4011,8411676672,1050138,19086,4294962509
1,4012,8413773824,1046563,26377,4294964835
1,4013,8415870976,1044571,11584,4294966671
1,4014,8417968128,1047420,11945,4294966913
1,4015,8420065280,1048178,13168,4294960427
1,4016,8422162432,1047469,14286,4294955993
1,4017,8424259584,1048691,27647,4294966038
1,4018,8426356736,1045621,26947,4294962751
1,4019,8428453888,1044856,23275,4294960908
1,4020,8430551040,1050505,7899,4294966140
1,4021,8432648192,1050581,7947,4294966576
1,4022,8434745344,1048879,11203,4294964395
1,4023,8436842496,1045696,10941,4294962352
1,4024,8438939648,1047529,11085,4294966225
1,4025,8441036800,1048367,29886,4294964926
1,4026,8443133952,1049375,4425,4294966119
1,4027,8445231104,1047160,11865,4294965694
1,4028,8447328256,1046946,11180,4294950476
1,4029,8449425408,1047231,39265,4294966531
1,4030,8451522560,1045726,43201,4294958659
1,4031,8453619712,1045527,23077,4294956816
1,4032,8455716864,1053659,2192,4294961531
1,4033,8457814016,1050242,31473,4294961285
1,4034,8459911168,1047052,15966,4294958176
1,4035,8462008320,1054659,10378,4294967055
1,4036,8464105472,1048303,13105,4294966850
1,4037,8466202624,1047751,10065,4294964772
1,4038,8468299776,1049281,55175,4294956037
1,4039,8470396928,1046832,42699,4294964805
1,4040,8472494080,1048838,15047,4294966468
1,4041,8474591232,1043943,23713,4294959870
1,4042,8476688384,1048071,14970,4294966056
1,4043,8478785536,1052964,11022,4294960790
1,4044,8480882688,1048710,10886,4294958638
1,4045,8482979840,1045768,3680,4294963538
1,4046,8485076992,1049196,23823,4294960443
1,4047,8487174144,1051979,2688,4294966523
1,4048,8489271296,1048470,5964,4294964408
1,4049,8491368448,1045733,60021,4294961347
1,4050,8493465600,1053193,4920,4294967043
1,4051,8495562752,1047026,23761,4294958238
1,4052,8497659904,1047660,27020,4294958547
1,4053,8499757056,1050219,28471,4294961101
1,4054,8501854208,1045421,11583,4294966670
1,4055,8503951360,1047290,27516,4294950304
1,4056,8506048512,1045960,14285,4294955992
1,4057,8508145664,1045681,26946,4294962750
1,4058,8510242816,1048777,23468,4294966575
1,4059,8512339968,1046916,10940,4294961327
1,4060,8514437120,1048336,11084,4294966224
1,4061,8516534272,1049458,4424,4294965123
1,4062,8518631424,1046862,22400,4294961363
1,4063,8520728576,1045694,23076,4294958658
1,4064,8522825728,1052383,10511,4294961530
1,4065,8524922880,1052295,10377,4294958175
1,4066,8527020032,1047603,11520,4294966849
1,4067,8529117184,1049510,42698,4294964804
1,4068,8531214336,1046514,22337,4294966467
1,4069,8533311488,1051794,11021,4294966055
1,4070,8535408640,1046571,23211,4294956395
1,4071,8537505792,1050015,10877,4294962288
1,4072,8539602944,1044991,23149,4294958209
1,4073,8541700096,1048514,23760,4294955750
1,4074,8543797248,1049158,27019,4294958781
1,4075,8545894400,1046561,11582,4294957254
1,4076,8547991552,1045959,56306,4294962749
1,4077,8550088704,1049873,10939,4294966574
1,4078,8552185856,1048457,13738,4294962492
1,4079,8554283008,1045810,48481,4294958657
1,4080,8556380160,1055872,10376,4294961529
1,4081,8558477312,1051033,11519,4294958718
1,4082,8560574464,1051688,11020,4294962429
1,4083,8562671616,1049508,10876,4294961263
1,4084,8564768768,1048211,23148,4294956332
1,4085,8566865920,1050532,27018,4294958780
1,4086,8568963072,1050810,10938,4294962748
1,4087,8571060224,1045947,38706,4294962491
1,4088,8573157376,1054228,11518,4294958717
1,4089,8575254528,1052330,10875,4294962428
1,4090,8577351680,1051586,23147,4294957252
1,4091,8579448832,1051448,10937,4294960299
1,4092,8581545984,1058068,10874,4294962427
1,4093,8583643136,1054480,10936,4294958654
1,4094,8585740288,1061607,10873,4294958653
1,4095,8587837440,1112005,10872,4294958652
